Date,Name,Year,Letterboxd URI,Rating,Rewatch,Tags,Watched Date
2024-01-11,Brick,2005,https://boxd.it/5yVjk5,4,,"frida, theater",2023-03-03
2024-01-11,El Topo,1970,https://boxd.it/5yVjxX,5,,"theater, frida",2023-03-03
2023-03-09,The Outwaters,2022,https://boxd.it/3XjiFT,2.5,,"theater, frida",2023-03-06
2023-03-10,Saint Maud,2019,https://boxd.it/3XDG1N,4,,,2023-03-06
2023-03-09,Jodorowsky's Dune,2013,https://boxd.it/3XjiTr,3.5,,blu-ray,2023-03-07
2023-03-09,Blow Out,1981,https://boxd.it/3XrvGL,3,,blu-ray,2023-03-08
2023-03-10,Scream,2022,https://boxd.it/3Xz4u5,3.5,,,2023-03-08
2023-03-10,Snowpiercer,2013,https://boxd.it/3XyRpL,3.5,Yes,,2023-03-09
2023-03-10,Scream 2,1997,https://boxd.it/3XCYpr,2.5,,,2023-03-09
2023-03-10,Scream 3,2000,https://boxd.it/3XDEbh,2.5,,,2023-03-09
2023-03-10,Scream,1996,https://boxd.it/3XJJR5,3.5,Yes,,2023-03-09
2023-03-10,Scream VI,2023,https://boxd.it/3XJK6J,3.5,,"theater, regal",2023-03-09
2023-03-11,Scream 4,2011,https://boxd.it/3XOM9b,3,,,2023-03-10
2023-03-11,Creed,2015,https://boxd.it/3XUV4L,3.5,,,2023-03-10
2023-03-11,Creed II,2018,https://boxd.it/3XUVjV,3.5,,,2023-03-10
2023-03-11,Climax,2018,https://boxd.it/3Y0NFr,3,,"theater, frida",2023-03-10
2023-03-12,Get Out,2017,https://boxd.it/3YgWXL,5,Yes,blu-ray,2023-03-11
2023-03-12,The Silence of the Lambs,1991,https://boxd.it/3YmZkJ,4,Yes,"theater, frida",2023-03-11
2023-03-13,Dazed and Confused,1993,https://boxd.it/3YDy1T,3,,,2023-03-12
2023-03-13,Creed III,2023,https://boxd.it/3YFsRD,3,,"theater, regal",2023-03-12
2023-03-14,Obsession,1976,https://boxd.it/3YVZXL,4,,,2023-03-13
2023-03-14,Body Double,1984,https://boxd.it/3YW0El,3.5,,,2023-03-13
2023-03-14,Triangle of Sadness,2022,https://boxd.it/3YW18P,2.5,,,2023-03-13
2023-03-16,The Sadness,2021,https://boxd.it/3Zh1nH,3,,,2023-03-13
2023-03-15,The Sixth Sense,1999,https://boxd.it/3Z2iZD,3.5,Yes,,2023-03-14
2023-03-15,La La Land,2016,https://boxd.it/3Z4akL,4,,,2023-03-14
2023-03-15,Do the Right Thing,1989,https://boxd.it/3ZbEjd,5,,,2023-03-14
2023-03-15,Raging Bull,1980,https://boxd.it/3ZdfuJ,3,,,2023-03-14
2023-03-16,A Ghost Story,2017,https://boxd.it/3ZkYZh,4,,,2023-03-15
2023-03-16,Speak No Evil,2022,https://boxd.it/3ZnjcT,3,,,2023-03-15
2023-03-16,Uncut Gems,2019,https://boxd.it/3ZqZiP,4,,,2023-03-15
2023-03-17,GoodFellas,1990,https://boxd.it/3ZA0BV,4,,,2023-03-16
2023-03-17,Sleepless in Seattle,1993,https://boxd.it/3ZACyl,3.5,Yes,,2023-03-16
2023-03-17,Malevolent,2018,https://boxd.it/3ZCN5X,2.5,,,2023-03-16
2023-03-17,Hypnotic,2021,https://boxd.it/3ZEjVN,3,,,2023-03-16
2023-03-17,Party Girl,1995,https://boxd.it/3ZGepr,4,,,2023-03-16
2023-03-18,The Proposal,2009,https://boxd.it/3ZJY67,4,Yes,,2023-03-16
2023-03-18,The Brothers Bloom,2008,https://boxd.it/3ZVx3J,4,Yes,,2023-03-17
2023-03-18,House,1977,https://boxd.it/3ZWD0X,4,,,2023-03-17
2023-03-19,Shazam! Fury of the Gods,2023,https://boxd.it/40e2X5,3,,"theater, regal",2023-03-18
2023-03-19,Phantom of the Paradise,1974,https://boxd.it/40fYAb,4,,"theater, frida",2023-03-18
2023-03-21,Sick,2022,https://boxd.it/40GgvP,2,,,2023-03-19
2023-03-22,"4 Months, 3 Weeks and 2 Days",2007,https://boxd.it/40U491,4,,,2023-03-20
2023-03-23,Guardians of the Galaxy,2014,https://boxd.it/41eGn1,3,Yes,,2023-03-21
2023-03-23,The Lighthouse,2019,https://boxd.it/41eGR1,3.5,,,2023-03-22
2023-03-23,The Lost City,2022,https://boxd.it/41gXH7,3,,,2023-03-22
2023-03-23,Guardians of the Galaxy Vol. 2,2017,https://boxd.it/41jjcp,4,Yes,,2023-03-22
2023-03-24,Portrait of a Lady on Fire,2019,https://boxd.it/41ytiH,5,,,2023-03-23
2023-03-25,A Good Person,2023,https://boxd.it/41MX2n,3.5,,"theater, regal",2023-03-24
2023-03-26,John Wick: Chapter 4,2023,https://boxd.it/427VdF,3.5,,"theater, regal",2023-03-25
2023-03-27,The Daytrippers,1996,https://boxd.it/42nQq7,4,,"theater, frida",2023-03-26
2023-03-27,Drive,2011,https://boxd.it/42qRMz,5,,"theater, frida",2023-03-26
2023-03-29,Pitch Perfect,2012,https://boxd.it/42ObLd,4,Yes,kerrigan,2023-03-27
2023-03-29,Police Story,1985,https://boxd.it/42Ocgv,3.5,,,2023-03-27
2023-03-29,Pitch Perfect 2,2015,https://boxd.it/42VBnb,2.5,Yes,kerrigan,2023-03-28
2023-03-30,Police Story 2,1988,https://boxd.it/42Zqbh,2.5,,,2023-03-29
2023-03-30,"Yes, Madam!",1985,https://boxd.it/433uYl,2,,,2023-03-29
2023-03-30,Amadeus,1984,https://boxd.it/439VR9,5,,"theater, frida",2023-03-29
2023-03-31,The Serpent and the Rainbow,1988,https://boxd.it/43pLqp,3,,"16mm, theater, frida, see it on 16mm",2023-03-30
2023-04-01,Cam,2018,https://boxd.it/43ybjv,2.5,,,2023-03-31
2023-04-01,Enys Men,2022,https://boxd.it/43EE39,4,,"theater, frida",2023-03-31
2023-04-01,Eraserhead,1977,https://boxd.it/43GpVp,5,Yes,"theater, frida",2023-03-31
2023-04-02,Pitch Perfect 3,2017,https://boxd.it/43MD1H,2,Yes,kerrigan,2023-04-01
2023-04-02,The Invitation,2015,https://boxd.it/43TuZd,3,,,2023-04-01
2023-04-02,Malum,2023,https://boxd.it/43Wuqt,3,,"theater, regal",2023-04-01
2023-04-03,"Crouching Tiger, Hidden Dragon",2000,https://boxd.it/446DEf,4,,,2023-04-02
2023-04-03,Eastern Promises,2007,https://boxd.it/448sVD,3.5,,,2023-04-02
2023-04-03,Police Story 3: Super Cop,1992,https://boxd.it/44brcj,4,,,2023-04-02
2023-04-03,Lamb,2021,https://boxd.it/44f87x,3,,,2023-04-02
2023-04-03,Orphan,2009,https://boxd.it/44j9tx,3,,,2023-04-02
2023-04-04,Funny Games,1997,https://boxd.it/44wDm3,4,,,2023-04-03
2023-04-05,After Yang,2021,https://boxd.it/44LUyv,4,,,2023-04-04
2023-04-05,Oldboy,2013,https://boxd.it/44NkoD,2.5,,,2023-04-04
2023-04-06,Air,2023,https://boxd.it/4535Kh,4,,"theater, regal",2023-04-05
2023-04-06,The Wicker Man,1973,https://boxd.it/453Awv,3,,,2023-04-05
2023-04-07,The Stepford Wives,1975,https://boxd.it/45ghah,2.5,Yes,,2023-04-06
2023-04-07,Dungeons & Dragons: Honor Among Thieves,2023,https://boxd.it/45l1PD,3.5,,"theater, regal, kerrigan",2023-04-06
2023-04-07,Krisha,2015,https://boxd.it/45lm1p,3,,,2023-04-06
2023-04-09,De Palma,2015,https://boxd.it/460Xmr,4,,,2023-04-07
2023-04-10,Murder Mystery 2,2023,https://boxd.it/46mctf,2.5,,,2023-04-09
2023-04-11,The Five Devils,2022,https://boxd.it/46CB71,3.5,,"theater, frida",2023-04-10
2023-04-11,Hereditary,2018,https://boxd.it/46F0QJ,5,Yes,"theater, frida",2023-04-10
2023-04-13,The Green Knight,2021,https://boxd.it/477frZ,4,,blu-ray,2023-04-11
2023-04-13,The Human Centipede (First Sequence),2009,https://boxd.it/478X0v,1,,,2023-04-12
2023-04-13,Would You Rather,2012,https://boxd.it/479C6T,2,,,2023-04-12
2023-04-13,Sleeping with Other People,2015,https://boxd.it/47as2p,3,Yes,,2023-04-12
2023-04-14,Speed,1994,https://boxd.it/47jQs5,3,,,2023-04-13
2023-04-14,The Human Centipede 2 (Full Sequence),2011,https://boxd.it/47kiaj,1,,,2023-04-13
2023-04-14,The Human Centipede 3 (Final Sequence),2015,https://boxd.it/47lvT9,1,,,2023-04-13
2023-04-14,Nymphomaniac: Vol. I,2013,https://boxd.it/47nLO9,4,,,2023-04-13
2023-04-15,Nymphomaniac: Vol. II,2013,https://boxd.it/47uw8B,4,,,2023-04-14
2023-04-15,Marrowbone,2017,https://boxd.it/47zN1n,4,,,2023-04-14
2023-04-15,eXistenZ,1999,https://boxd.it/47C8yh,3.5,,,2023-04-14
2023-04-15,Emma.,2020,https://boxd.it/47EeKd,4,,,2023-04-14
2023-04-16,Marathon Man,1976,https://boxd.it/47N3sZ,3,,,2023-04-15
2023-04-16,The General,1926,https://boxd.it/47OI9V,3,,,2023-04-15
2023-04-16,In Fabric,2018,https://boxd.it/47SaqB,3.5,,,2023-04-15
2023-04-16,Bros,2022,https://boxd.it/47Ubob,3.5,,,2023-04-15
2023-04-16,The Unbearable Weight of Massive Talent,2022,https://boxd.it/47WIbj,3.5,,,2023-04-15
2023-04-16,Drag Me to Hell,2009,https://boxd.it/47XJ75,3,,,2023-04-15
2023-04-17,Stalker,1979,https://boxd.it/48cd23,3,,,2023-04-16
2023-04-17,Enemy,2013,https://boxd.it/48g4Nn,4,,,2023-04-16
2023-04-18,Pillow Talk,1959,https://boxd.it/48tDUf,2,,,2023-04-17
2023-04-19,Midsommar,2019,https://boxd.it/48JQIj,5,Yes,"theater, frida",2023-04-18
2023-04-19,Room 237,2012,https://boxd.it/48Ka7d,,Yes,,2023-04-18
2023-04-20,Renfield,2023,https://boxd.it/48Xe3b,2.5,,"theater, regal",2023-04-19
2023-04-20,The Pope's Exorcist,2023,https://boxd.it/48YS8d,2,,"theater, regal",2023-04-19
2023-04-21,Beau Is Afraid,2023,https://boxd.it/49cwa5,5,,"theater, regal, imax",2023-04-20
2023-04-22,Attack of the Doc!,2023,https://boxd.it/49pkl7,3,,"theater, frida",2023-04-21
2023-04-23,Evil Dead II,1987,https://boxd.it/49Egz5,2.5,Yes,,2023-04-22
2023-04-23,Army of Darkness,1992,https://boxd.it/49K6dv,3,,"theater, frida",2023-04-22
2023-04-24,Evil Dead,2013,https://boxd.it/49Slgb,1.5,,,2023-04-23
2023-04-24,Nausicaä of the Valley of the Wind,1984,https://boxd.it/4a0s9d,3.5,,"theater, frida, kerrigan",2023-04-23
2023-04-24,Dogville,2003,https://boxd.it/4a2G1B,4,,,2023-04-23
2023-04-25,Suzume,2022,https://boxd.it/4alDn3,4,,"theater, regal, kerrigan",2023-04-24
2023-04-26,The Five Obstructions,2003,https://boxd.it/4aB8NV,3.5,,,2023-04-25
2023-04-27,Beau Is Afraid,2023,https://boxd.it/4aQBRR,5,Yes,"theater, regal, imax",2023-04-26
2023-04-28,The Super Mario Bros. Movie,2023,https://boxd.it/4b1c1D,2.5,,"theater, regal, imax, kerrigan",2023-04-27
2023-04-28,How It Ends,2021,https://boxd.it/4b3A8n,3.5,,,2023-04-27
2023-04-29,Evil Dead Rise,2023,https://boxd.it/4bizAF,3,,"theater, regal",2023-04-28
2023-04-30,Polite Society,2023,https://boxd.it/4bzHCX,4,,"theater, regal",2023-04-29
2023-05-01,Weathering with You,2019,https://boxd.it/4bQU6T,3.5,,"blu-ray, kerrigan",2023-04-30
2023-05-01,Flashdance,1983,https://boxd.it/4bTEEr,3,,"theater, regal",2023-04-30
2023-05-03,The Naked Gun: From the Files of Police Squad!,1988,https://boxd.it/4chifn,2,,,2023-05-02
2023-05-03,Sisu,2022,https://boxd.it/4crTJp,3,,"theater, regal",2023-05-02
2023-05-03,Bend It Like Beckham,2002,https://boxd.it/4crU0F,4,,,2023-05-02
2023-05-04,But I'm a Cheerleader,1999,https://boxd.it/4cJ9o7,5,Yes,,2023-05-03
2023-05-04,The Dead Zone,1983,https://boxd.it/4cJcoT,3,Yes,"16mm, theater, frida, see it on 16mm",2023-05-03
2023-05-06,A Quiet Place Part II,2020,https://boxd.it/4dfRdL,2,,,2023-05-05
2023-05-07,Guardians of the Galaxy Vol. 3,2023,https://boxd.it/4dzSrT,3.5,,"theater, regal, kerrigan",2023-05-06
2023-05-08,Guy Ritchie's The Covenant,2023,https://boxd.it/4dU6xB,3,,"theater, regal",2023-05-07
2023-05-09,Champions,2023,https://boxd.it/4e6s4l,3,,,2023-05-08
2023-05-10,Heat,1995,https://boxd.it/4enSvB,4,,,2023-05-09
2023-05-11,The Woman in the Window,2021,https://boxd.it/4eAdsR,2,,,2023-05-10
2023-05-12,"Are You There God? It's Me, Margaret.",2023,https://boxd.it/4eMWYH,5,,"theater, regal, kerrigan",2023-05-11
2023-05-12,Tower Heist,2011,https://boxd.it/4eNj9R,2.5,,,2023-05-11
2023-05-13,Manhunter,1986,https://boxd.it/4eSnG1,4,Yes,,2023-05-12
2023-05-14,Good Time,2017,https://boxd.it/4fhC2Z,3.5,,"theater, frida",2023-05-13
2023-05-15,I'm Still Here,2010,https://boxd.it/4fx6Xh,2.5,,,2023-05-14
2023-05-16,Red Dragon,2002,https://boxd.it/4fGGE9,2.5,Yes,,2023-05-15
2023-05-16,Tootsie,1982,https://boxd.it/4fMBrV,4,,,2023-05-15
2023-05-17,Spy Kids,2001,https://boxd.it/4fRh0v,2,,,2023-05-16
2023-05-17,The Lifeguard,2013,https://boxd.it/4fY51P,3,,,2023-05-16
2023-05-18,Don't Look Now,1973,https://boxd.it/4g4Wad,4,,,2023-05-17
2023-05-19,The Wizard,1989,https://boxd.it/4gqwTl,4,Yes,"theater, frida",2023-05-18
2023-05-21,Fool's Paradise,2023,https://boxd.it/4gLPqf,4,,"theater, regal",2023-05-19
2023-05-21,BlackBerry,2023,https://boxd.it/4gTFY3,4,,"theater, regal",2023-05-20
2023-05-23,Birdman or (The Unexpected Virtue of Ignorance),2014,https://boxd.it/4hjTDv,5,,,2023-05-21
2023-05-23,Missing,2023,https://boxd.it/4hlYVN,4,,,2023-05-22
2023-05-24,Slums of Beverly Hills,1998,https://boxd.it/4hCn1H,4,,,2023-05-23
2023-05-25,Consecration,2023,https://boxd.it/4hVNDF,3,,,2023-05-24
2023-05-26,Rare Exports: A Christmas Tale,2010,https://boxd.it/4i5pgd,2,,,2023-05-25
2023-05-27,The Red Shoes,1948,https://boxd.it/4imNiB,5,,"theater, frida",2023-05-26
2023-05-27,The Last House on the Left,2009,https://boxd.it/4inLcj,3,Yes,,2023-05-26
2023-05-27,Black Narcissus,1947,https://boxd.it/4ip6o3,5,,,2023-05-26
2023-05-28,Black Narcissus,1947,https://boxd.it/4iAv4J,5,Yes,,2023-05-27
2023-05-28,The Little Mermaid,2023,https://boxd.it/4iEIF7,1,,"theater, regal, imax",2023-05-27
2023-05-28,The Thief of Bagdad,1940,https://boxd.it/4iFUBX,4,,,2023-05-27
2023-05-29,The Red Shoes,1948,https://boxd.it/4iUAXJ,5,Yes,,2023-05-28
2023-05-29,The Tales of Hoffmann,1951,https://boxd.it/4iXJ1P,4,,"theater, frida",2023-05-28
2023-05-30,First Reformed,2017,https://boxd.it/4j8rt9,4,,,2023-05-29
2023-05-30,The Wind Rises,2013,https://boxd.it/4jeTsv,3,,"theater, frida",2023-05-29
2023-05-30,Fast X,2023,https://boxd.it/4jeUcN,1.5,,"theater, regal",2023-05-29
2023-05-31,The Card Counter,2021,https://boxd.it/4jls8R,4,,,2023-05-30
2023-05-31,Becky,2020,https://boxd.it/4jophR,4,,,2023-05-30
2023-06-01,You Hurt My Feelings,2023,https://boxd.it/4jGixp,4,,"theater, regal",2023-05-31
2023-06-01,Hypnotic,2023,https://boxd.it/4jHDpN,2,,"theater, regal",2023-05-31
2023-06-03,The Wrath of Becky,2023,https://boxd.it/4k8RnZ,4,,"theater, regal",2023-06-01
2023-06-03,The Boogeyman,2023,https://boxd.it/4kdS1l,2.5,,"theater, regal",2023-06-02
2023-06-05,The Doom Generation,1995,https://boxd.it/4kD1pr,4,,"theater, frida",2023-06-03
2023-06-05,Spider-Man: Across the Spider-Verse,2023,https://boxd.it/4kNpzv,5,,"theater, regal, imax, kerrigan",2023-06-04
2023-06-09,Sinister,2012,https://boxd.it/4lTMGb,3,,,2023-06-08
2023-06-11,Mrs. Doubtfire,1993,https://boxd.it/4mqtW1,4,Yes,,2023-06-10
2023-06-11,The 40 Year Old Virgin,2005,https://boxd.it/4mqv4F,4,Yes,,2023-06-10
2023-06-13,Bumblebee,2018,https://boxd.it/4n1fot,3.5,,kerrigan,2023-06-12
2023-06-17,Transformers: Rise of the Beasts,2023,https://boxd.it/4o339f,3,,"theater, regal, kerrigan",2023-06-16
2023-06-18,Elemental,2023,https://boxd.it/4oh26H,3.5,,"theater, regal, kerrigan",2023-06-17
2023-06-19,Son of Godzilla,1967,https://boxd.it/4oxZfv,2.5,,"theater, frida, kerrigan",2023-06-18
2023-06-20,The Holy Mountain,1973,https://boxd.it/4oMehf,5,,"theater, frida",2023-06-18
2023-06-21,The Blackening,2022,https://boxd.it/4p80i3,3.5,,"theater, regal",2023-06-19
2023-06-21,Past Lives,2023,https://boxd.it/4pgEhv,5,,"theater, regal",2023-06-20
2023-06-22,May,2002,https://boxd.it/4plir9,3,,,2023-06-21
2023-06-27,Asteroid City,2023,https://boxd.it/4qQyLF,5,,"theater, alamo",2023-06-25
2023-06-27,No Hard Feelings,2023,https://boxd.it/4qXRwj,4,,"theater, regal",2023-06-26
2023-06-28,Asteroid City,2023,https://boxd.it/4repr5,5,Yes,"theater, regal",2023-06-27
2023-06-29,Moon Garden,2022,https://boxd.it/4ruUeN,2,,"theater, frida",2023-06-28
2023-07-01,Asteroid City,2023,https://boxd.it/4s1UAl,5,Yes,"theater, regal",2023-06-30
2023-07-03,Jennifer's Body,2009,https://boxd.it/4sBBJF,4,Yes,,2023-07-01
2023-07-03,Indiana Jones and the Dial of Destiny,2023,https://boxd.it/4sFzrn,3.5,,"theater, regal, imax",2023-07-02
2023-07-05,"Synecdoche, New York",2008,https://boxd.it/4tc7NL,4,,,2023-07-04
2023-07-06,August Rush,2007,https://boxd.it/4tB6yl,2.5,Yes,kerrigan,2023-07-05
2023-07-08,Insidious: The Red Door,2023,https://boxd.it/4u8s73,2.5,,"theater, regal",2023-07-07
2023-07-08,I Love Ana,2021,https://boxd.it/4u8M4D,3.5,,,2023-07-07
2023-07-10,Blade Runner 2049,2017,https://boxd.it/4uHdNt,4,Yes,"theater, frida",2023-07-08
2023-07-10,Joy Ride,2023,https://boxd.it/4uHfnn,4.5,,"theater, regal",2023-07-09
2023-07-10,Indiana Jones and the Dial of Destiny,2023,https://boxd.it/4uQwzN,3.5,Yes,"theater, regal, imax",2023-07-09
2023-07-13,Mission: Impossible,1996,https://boxd.it/4vxv4l,4,Yes,,2023-07-10
2023-07-13,Alien,1979,https://boxd.it/4vxvH3,5,Yes,kerrigan,2023-07-11
2023-07-14,Clueless,1995,https://boxd.it/4vOBED,4.5,Yes,kerrigan,2023-07-12
2023-07-14,Mission: Impossible – Dead Reckoning,2023,https://boxd.it/4vOCkz,3.5,,"theater, regal, imax",2023-07-12
2023-07-14,Mission: Impossible II,2000,https://boxd.it/4vU0nx,2,,,2023-07-13
2023-07-14,Mission: Impossible III,2006,https://boxd.it/4vU0Vz,2.5,,,2023-07-13
2023-07-15,Mission: Impossible – Ghost Protocol,2011,https://boxd.it/4w5GPZ,3,,,2023-07-13
2023-07-16,Star Wars,1977,https://boxd.it/4wm92z,4,Yes,"theater, frida, kerrigan",2023-07-14
2023-07-16,Mission: Impossible – Rogue Nation,2015,https://boxd.it/4wm9kt,3,,,2023-07-14
2023-07-17,Indiana Jones and the Last Crusade,1989,https://boxd.it/4wVGIt,4.5,Yes,"frida, theater",2023-07-16
2023-07-19,Aliens,1986,https://boxd.it/4xpdq1,4.5,Yes,"theater, frida, kerrigan",2023-07-17
2023-07-19,The Place Beyond the Pines,2012,https://boxd.it/4xAWMj,3.5,,"theater, frida",2023-07-18
2023-07-20,Easy Living,1937,https://boxd.it/4xOie5,2.5,,,2023-07-19
2023-07-21,The Apartment,1960,https://boxd.it/4y0RUT,4,,"frida, theater",2023-07-19
2023-07-21,Bringing Up Baby,1938,https://boxd.it/4y3Xnn,4,,,2023-07-20
2023-07-23,Barbie,2023,https://boxd.it/4ySIIR,5,,"regal, theater, kerrigan",2023-07-21
2023-07-23,Rye Lane,2023,https://boxd.it/4yUPRb,4,,,2023-07-22
2023-07-23,Theater Camp,2023,https://boxd.it/4z6X7p,4,,"theater, regal",2023-07-22
2023-07-23,The Empire Strikes Back,1980,https://boxd.it/4z6Zxz,4.5,Yes,"theater, frida, kerrigan",2023-07-22
2023-07-24,Insidious: Chapter 3,2015,https://boxd.it/4znDXz,2,,,2023-07-23
2023-07-24,Daddy's Home,2015,https://boxd.it/4zrGSl,3,,,2023-07-23
2023-07-24,Daddy's Home 2,2017,https://boxd.it/4zrHPH,2.5,,,2023-07-23
2023-07-24,Regarding Henry,1991,https://boxd.it/4zvrMl,3,,,2023-07-23
2023-07-24,Oppenheimer,2023,https://boxd.it/4zFzCX,5,,"70mm, regal, theater, imax",2023-07-23
2023-07-25,Nanny,2022,https://boxd.it/4zR5vB,4,,,2023-07-24
2023-07-25,Dumb and Dumber,1994,https://boxd.it/4zZVhn,3,Yes,,2023-07-24
2023-07-25,Interstellar,2014,https://boxd.it/4A8QPH,3.5,,,2023-07-24
2023-07-26,Wild at Heart,1990,https://boxd.it/4AvBlt,4,,"theater, frida",2023-07-25
2023-07-26,Lynch/Oz,2022,https://boxd.it/4AvBAt,3,,"theater, frida",2023-07-25
2023-07-27,The Grandmother,1970,https://boxd.it/4ACI3Z,3,,,2023-07-26
2023-07-27,Minority Report,2002,https://boxd.it/4AJAgF,3.5,,,2023-07-26
2023-07-27,Air Force One,1997,https://boxd.it/4ANoXP,3,,,2023-07-26
2023-07-28,Scream,1996,https://boxd.it/4B038d,3.5,Yes,kerrigan,2023-07-26
2023-07-28,Talk to Me,2022,https://boxd.it/4BfupZ,4,,"theater, frida",2023-07-27
2023-07-29,Return of the Jedi,1983,https://boxd.it/4BApJH,4,Yes,"theater, frida, kerrigan",2023-07-28
2023-07-31,"Alice, Darling",2022,https://boxd.it/4C7Sr9,4,,,2023-07-29
2023-07-31,Searching,2018,https://boxd.it/4C7SHr,4,,,2023-07-29
2023-07-31,Women Talking,2022,https://boxd.it/4C7T91,5,,,2023-07-29
2023-08-04,Titanic,1997,https://boxd.it/4DJr0Z,4,Yes,kerrigan,2023-08-02
2023-08-04,Barbie,2023,https://boxd.it/4DJrr7,5,Yes,theater,2023-08-03
2023-08-04,The Gray Man,2022,https://boxd.it/4DKpsf,3.5,,,2023-08-03
2023-08-05,The Italian Job,2003,https://boxd.it/4DVH2r,4,Yes,,2023-08-04
2023-08-05,Free Willy,1993,https://boxd.it/4DXPNp,2,Yes,kerrigan,2023-08-04
2023-08-05,The Super Mario Bros. Movie,2023,https://boxd.it/4DXQtZ,2.5,Yes,kerrigan,2023-08-04
2023-08-06,The Secret Life of Pets,2016,https://boxd.it/4EbTZ3,2.5,Yes,kerrigan,2023-08-04
2023-08-06,Liar Liar,1997,https://boxd.it/4EbUab,2.5,Yes,kerrigan,2023-08-04
2023-08-06,The Out-Laws,2023,https://boxd.it/4ElI91,2.5,,,2023-08-05
2023-08-06,Hook,1991,https://boxd.it/4Ep4L3,4,Yes,kerrigan,2023-08-05
2023-08-09,65,2023,https://boxd.it/4FsE8L,3,,,2023-08-08
2023-08-09,Birds of Prey (and the Fantabulous Emancipation of One Harley Quinn),2020,https://boxd.it/4FsG1n,4,,,2023-08-08
2023-08-09,Casino Royale,2006,https://boxd.it/4FsJfx,4,,,2023-08-08
2023-08-09,Killer's Kiss,1955,https://boxd.it/4Fw69t,3,,,2023-08-08
2023-08-10,Haunted Mansion,2023,https://boxd.it/4FOmSb,3,,"theater, regal, kerrigan",2023-08-09
2023-08-12,A Clockwork Orange,1971,https://boxd.it/4GrbZD,5,Yes,"theater, frida",2023-08-11
2023-08-16,Teenage Mutant Ninja Turtles: Mutant Mayhem,2023,https://boxd.it/4HJR5x,4,,"theater, regal, kerrigan",2023-08-14
2023-08-17,Sleepaway Camp,1983,https://boxd.it/4HVgCj,3,,,2023-08-16
2023-08-17,The Bird with the Crystal Plumage,1970,https://boxd.it/4I68Sl,3,,"theater, frida, 16mm, see it on 16mm",2023-08-16
2023-08-19,Hedwig and the Angry Inch,2001,https://boxd.it/4II4G7,5,Yes,"theater, frida",2023-08-18
2023-08-20,Talk to Me,2022,https://boxd.it/4J187X,4,Yes,"theater, regal",2023-08-19
2023-08-23,Oldboy,2003,https://boxd.it/4K11kp,5,Yes,"theater, frida",2023-08-22
2023-08-27,Pan's Labyrinth,2006,https://boxd.it/4L2tcp,5,Yes,"theater, frida, kerrigan",2023-08-25
2023-08-27,Blue Beetle,2023,https://boxd.it/4L8XHz,3,,"theater, regal, kerrigan",2023-08-26
2023-08-28,Aftersun,2022,https://boxd.it/4Ly9ZP,4,,,2023-08-27
2023-08-29,Jurassic Park,1993,https://boxd.it/4LQ7aB,5,Yes,"theater, regal, kerrigan",2023-08-28
2023-09-04,Free Guy,2021,https://boxd.it/4Npdhn,4,,,2023-08-29
2023-08-31,The Astrologer,1976,https://boxd.it/4MpCLX,2,,"theater, alamo",2023-08-30
2023-09-04,Bottoms,2023,https://boxd.it/4NpcgD,5,,"theater, regal",2023-09-02
2023-09-10,The Nun,2018,https://boxd.it/4Pkg7j,2.5,Yes,,2023-09-09
2023-09-13,The Nun II,2023,https://boxd.it/4Q8HIL,3,,"theater, regal",2023-09-10
2023-09-13,Bottoms,2023,https://boxd.it/4QcSDF,5,Yes,"theater, regal",2023-09-12
2023-09-18,Heart of Stone,2023,https://boxd.it/4RGvbR,2.5,,,2023-09-17
2023-09-18,Miss Congeniality,2000,https://boxd.it/4RGvnj,3.5,Yes,,2023-09-17
2023-09-18,You Are So Not Invited to My Bat Mitzvah,2023,https://boxd.it/4RGvJz,4,,,2023-09-17
2023-09-18,The Pope's Exorcist,2023,https://boxd.it/4RGvNr,2,Yes,,2023-09-17
2023-09-22,Chevalier,2022,https://boxd.it/4SEx4j,3,,,2023-09-19
2023-09-22,Death on the Nile,2022,https://boxd.it/4SExGH,3,,,2023-09-21
2023-09-24,A Haunting in Venice,2023,https://boxd.it/4Tcp9D,4,,"theater, regal",2023-09-22
2023-09-24,The Five-Year Engagement,2012,https://boxd.it/4Tco0F,4,Yes,,2023-09-23
2023-09-24,The Babysitter: Killer Queen,2020,https://boxd.it/4ThAfR,4,Yes,,2023-09-23
2023-09-27,It Lives Inside,2023,https://boxd.it/4TX3uj,4,,"theater, regal",2023-09-24
2023-09-27,It's Complicated,2009,https://boxd.it/4TX3Ej,3,,,2023-09-25
2023-09-30,The Creator,2023,https://boxd.it/4ULyDr,3.5,,"theater, regal, imax",2023-09-28
2023-10-01,The Equalizer,2014,https://boxd.it/4VcpVl,3,,,2023-09-29
2023-10-01,The Equalizer 3,2023,https://boxd.it/4Vcqxp,3.5,,"theater, regal",2023-09-29
2023-10-01,The Equalizer 2,2018,https://boxd.it/4VcraV,3,,,2023-09-30
2023-10-01,The Bone Collector,1999,https://boxd.it/4Vdhnd,2.5,,,2023-09-30
2023-10-01,The Pelican Brief,1993,https://boxd.it/4VgBlH,4,Yes,,2023-09-30
2023-10-02,Doctor Sleep,2019,https://boxd.it/4VJ7Lt,3,,,2023-10-01
2023-10-02,The Beyond,1981,https://boxd.it/4VJ8hz,2,,,2023-10-01
2023-10-23,Scream 2,1997,https://boxd.it/52tryF,2.5,Yes,kerrigan,2023-10-01
2023-10-03,Phenomena,1985,https://boxd.it/4W5sWV,3,,,2023-10-02
2023-10-03,Teen Witch,1989,https://boxd.it/4W6K0n,2.5,,,2023-10-02
2023-10-04,The Innocents,2021,https://boxd.it/4Wplav,4,,,2023-10-03
2023-10-06,Eyes Without a Face,1960,https://boxd.it/4WYaAd,3,,"theater, frida",2023-10-05
2023-10-06,Suspiria,1977,https://boxd.it/4X0ovv,5,Yes,"theater, frida",2023-10-05
2023-10-07,Trainwreck: Woodstock '99,2022,https://boxd.it/4XkoS5,2,,,2023-10-06
2023-10-09,No One Will Save You,2023,https://boxd.it/4XP3Gz,4,,,2023-10-08
2023-10-09,Matriarch,2022,https://boxd.it/4XSGg7,2.5,,,2023-10-08
2023-10-09,Dumb Money,2023,https://boxd.it/4XZ3WH,3.5,,"theater, regal",2023-10-08
2023-10-09,Stop Making Sense,1984,https://boxd.it/4Y3bcF,5,,"theater, frida",2023-10-08
2023-10-09,In the Mouth of Madness,1994,https://boxd.it/4Y5ajf,3,,,2023-10-08
2023-10-10,Sneakers,1992,https://boxd.it/4YntDp,4,,,2023-10-09
2023-10-12,Westworld,1973,https://boxd.it/4YX0jd,3,,,2023-10-11
2023-10-12,Dark City,1998,https://boxd.it/4YYOUP,3.5,Yes,,2023-10-11
2023-10-12,Hot Tub Time Machine,2010,https://boxd.it/4Z2Mnn,4,Yes,,2023-10-11
2023-10-14,Deliver Us from Evil,2014,https://boxd.it/4ZpwmJ,2,,,2023-10-12
2023-10-14,The Big Short,2015,https://boxd.it/4ZrW3H,4,,,2023-10-13
2023-10-15,The Exorcist III,1990,https://boxd.it/4ZSD8d,3,Yes,,2023-10-14
2023-10-15,Fresh,2022,https://boxd.it/4ZVPs1,3.5,,,2023-10-14
2023-10-15,The Uninvited,2009,https://boxd.it/500Zmd,3,Yes,,2023-10-14
2023-10-15,Totally Killer,2023,https://boxd.it/504D6P,4,,,2023-10-14
2023-10-17,Margin Call,2011,https://boxd.it/50HWTT,4,,,2023-10-16
2023-10-17,Love at First Sight,2023,https://boxd.it/50HXZ9,4,,,2023-10-16
2023-10-18,Sisters,1972,https://boxd.it/50PhwP,4,,,2023-10-17
2023-10-18,Dicks: The Musical,2023,https://boxd.it/510LX9,4,,"theater, alamo",2023-10-17
2023-10-18,The Lair of the White Worm,1988,https://boxd.it/512wo3,3,,"theater, alamo",2023-10-17
2023-10-19,Anatomy of a Fall,2023,https://boxd.it/51joej,5,,"theater, alamo",2023-10-18
2023-10-19,Dr. Caligari,1989,https://boxd.it/51joDD,2.5,,"theater, alamo",2023-10-18
2023-10-20,Vampires,1998,https://boxd.it/51x57V,3,,,2023-10-19
2023-10-21,Monstrous,2022,https://boxd.it/51Iwz5,3,,,2023-10-19
2023-10-21,Death Note,2017,https://boxd.it/51Iwaz,3,,,2023-10-20
2023-10-21,When a Stranger Calls,1979,https://boxd.it/51N5sh,2.5,,,2023-10-20
2023-10-21,When a Stranger Calls Back,1993,https://boxd.it/51PZ4z,3,,,2023-10-20
2023-10-22,Promising Young Woman,2020,https://boxd.it/523BnF,5,,,2023-10-21
2023-10-22,Source Code,2011,https://boxd.it/526GAv,3,,,2023-10-21
2023-10-22,What If,2013,https://boxd.it/52cWr7,4,,,2023-10-21
2023-10-22,I Care a Lot,2020,https://boxd.it/52gmDJ,3.5,,,2023-10-21
2023-10-23,Scream 3,2000,https://boxd.it/52toiz,2.5,Yes,kerrigan,2023-10-21
2023-10-23,The Offering,2022,https://boxd.it/52zfIZ,2,,,2023-10-22
2023-10-23,Abandoned,2022,https://boxd.it/52CgyH,2,,,2023-10-22
2023-10-23,Pledge,2018,https://boxd.it/52E3Vd,2,,,2023-10-22
2023-10-23,Still/Born,2017,https://boxd.it/52FmfH,3,,,2023-10-22
2023-10-23,Scream 4,2011,https://boxd.it/52FohF,3,Yes,kerrigan,2023-10-22
2023-10-24,The Lost Boys,1987,https://boxd.it/52XsXr,3.5,,"alamo, theater",2023-10-23
2023-10-24,Bug,2006,https://boxd.it/52ZtD7,4,,"theater, alamo",2023-10-23
2023-10-25,Drag Me to Hell,2009,https://boxd.it/53gPJv,4,Yes,"theater, alamo",2023-10-24
2023-10-26,Beetlejuice,1988,https://boxd.it/53vM7N,4,Yes,"theater, alamo",2023-10-25
2023-10-27,Shredder Orpheus,1990,https://boxd.it/53Gxwv,3,,"theater, alamo",2023-10-25
2023-10-30,Sister Death,2023,https://boxd.it/54TgmD,2.5,,,2023-10-29
2023-10-30,No Hard Feelings,2023,https://boxd.it/54Wcsj,4,Yes,,2023-10-29
2023-10-30,Five Nights at Freddy's,2023,https://boxd.it/552VsF,2.5,,"theater, regal, kerrigan",2023-10-29
2023-10-31,Cobweb,2023,https://boxd.it/55aH4F,2.5,,,2023-10-30
2023-10-31,The Empty Man,2020,https://boxd.it/55mY1H,3,,,2023-10-30
2023-11-01,You Are Not My Mother,2021,https://boxd.it/55M3qR,3,,,2023-10-31
2023-11-02,The Firm,1993,https://boxd.it/568aYl,4,Yes,,2023-11-01
2023-11-03,Long Shot,2019,https://boxd.it/56he03,4,Yes,,2023-11-02
2023-11-03,Role Models,2008,https://boxd.it/56qZEd,3,Yes,,2023-11-02
2023-11-04,Get Him to the Greek,2010,https://boxd.it/56Gnmx,5,Yes,,2023-11-03
2023-11-04,Sex Tape,2014,https://boxd.it/56KBDZ,3,,,2023-11-03
2023-11-04,Don't Worry Darling,2022,https://boxd.it/56M4oL,3,Yes,,2023-11-03
2023-11-05,The Change-Up,2011,https://boxd.it/56VyrD,3,,,2023-11-04
2023-11-05,Lucy,2014,https://boxd.it/56ZqvP,2.5,,,2023-11-04
2023-11-05,Ava,2020,https://boxd.it/571GpH,2.5,,,2023-11-04
2023-11-05,Whiplash,2014,https://boxd.it/5741G9,4,Yes,,2023-11-04
2023-11-05,The Mummy,2017,https://boxd.it/576sh5,2,,,2023-11-04
2023-11-05,Downsizing,2017,https://boxd.it/578HWh,5,Yes,,2023-11-04
2023-11-06,13 Going on 30,2004,https://boxd.it/57l5UX,5,Yes,,2023-11-05
2023-11-06,Ted,2012,https://boxd.it/57sAYP,3.5,,,2023-11-05
2023-11-06,Ted 2,2015,https://boxd.it/57vd4l,3,,,2023-11-05
2023-11-08,M3GAN,2022,https://boxd.it/57VDyj,3.5,Yes,kerrigan,2023-11-05
2023-11-07,Killers of the Flower Moon,2023,https://boxd.it/57P4QZ,5,,"theater, regal",2023-11-06
2023-11-08,The Nice Guys,2016,https://boxd.it/585JMB,3,,,2023-11-07
2023-11-10,Strays,2023,https://boxd.it/58s17v,2.5,,,2023-11-09
2023-11-10,"Red, White & Royal Blue",2023,https://boxd.it/58Efyz,2.5,,,2023-11-09
2023-11-18,About My Father,2023,https://boxd.it/5b6N7r,3,,,2023-11-11
2023-11-18,Marry Me,2022,https://boxd.it/5b6Nkl,4,,,2023-11-11
2023-11-18,House of Gucci,2021,https://boxd.it/5b6NWz,3.5,,,2023-11-11
2023-11-16,Spirited Away,2001,https://boxd.it/5axv9p,5,Yes,kerrigan,2023-11-15
2023-11-21,Your Name.,2016,https://boxd.it/5cf5AB,5,,kerrigan,2023-11-19
2023-11-21,The Marvels,2023,https://boxd.it/5cf5FV,4,,"theater, kerrigan",2023-11-21
2023-12-21,Mr. Dough and the Egg Princess,2010,https://boxd.it/5mHwDj,4,,,2023-11-21
2023-11-26,The Good Mother,2023,https://boxd.it/5dTRmL,3,,,2023-11-25
2023-11-26,Battle of the Sexes,2017,https://boxd.it/5dTRzP,4,,,2023-11-25
2023-11-26,Music and Lyrics,2007,https://boxd.it/5dTRH5,5,,,2023-11-25
2023-11-26,Polite Society,2023,https://boxd.it/5dTRRz,4,Yes,,2023-11-25
2023-11-26,The Birdcage,1996,https://boxd.it/5dTRWJ,5,,,2023-11-25
2023-11-28,Godzilla Minus One,2023,https://boxd.it/5eJd2v,4,,"theater, frida, kerrigan",2023-11-27
2023-12-02,The Surrounding Game,2017,https://boxd.it/5fF5fx,2.5,Yes,,2023-11-30
2023-12-07,AlphaGo,2017,https://boxd.it/5hx2Af,4,Yes,,2023-12-01
2023-12-06,Dream Scenario,2023,https://boxd.it/5hjfRb,4,,"theater, frida",2023-12-05
2023-12-07,May December,2023,https://boxd.it/5hx2dP,3.5,,,2023-12-06
2023-12-07,Family Switch,2023,https://boxd.it/5hz0Rn,2,,,2023-12-06
2023-12-07,Best. Christmas. Ever!,2023,https://boxd.it/5hAkod,2,,,2023-12-06
2023-12-07,Josie and the Pussycats,2001,https://boxd.it/5hC3hj,4,Yes,,2023-12-06
2023-12-10,Eileen,2023,https://boxd.it/5imtl9,4,,"theater, regal",2023-12-08
2023-12-12,"Silent Night, Deadly Night",1984,https://boxd.it/5jplH7,2.5,,,2023-12-11
2023-12-12,Napoleon,2023,https://boxd.it/5jt90D,3.5,,"theater, alamo",2023-12-11
2023-12-13,Gremlins,1984,https://boxd.it/5jJTE7,4,,"theater, alamo",2023-12-12
2023-12-13,"Silent Night, Deadly Night Part 2",1987,https://boxd.it/5jMkKF,3.5,,"theater, alamo",2023-12-12
2023-12-15,The Intern,2015,https://boxd.it/5koalh,5,Yes,,2023-12-13
2023-12-15,The Boy and the Heron,2023,https://boxd.it/5kob7Z,5,,"theater, frida, kerrigan",2023-12-14
2023-12-16,Leave the World Behind,2023,https://boxd.it/5kCE1J,4,,,2023-12-15
2023-12-17,Scream,2022,https://boxd.it/5l6WyB,3.5,Yes,kerrigan,2023-12-16
2023-12-17,Class Action,1991,https://boxd.it/5l6WKx,3.5,,,2023-12-16
2023-12-18,Scrooged,1988,https://boxd.it/5luJn9,4,Yes,,2023-12-17
2023-12-18,Gran Turismo,2023,https://boxd.it/5lyBRD,3,,,2023-12-17
2023-12-20,The Iron Claw,2023,https://boxd.it/5m2GGl,5,,"theater, frida",2023-12-18
2023-12-20,Carol,2015,https://boxd.it/5mi9IZ,4,,"theater, frida",2023-12-19
2023-12-20,"I, Tonya",2017,https://boxd.it/5mjKhX,4,,,2023-12-19
2023-12-21,The 'Burbs,1989,https://boxd.it/5mvvdv,3,,,2023-12-20
2023-12-21,Genie,2023,https://boxd.it/5mvvq5,3,,,2023-12-20
2023-12-21,They Came Together,2014,https://boxd.it/5mGLFR,4,,,2023-12-20
2023-12-21,Scream VI,2023,https://boxd.it/5mHojv,4,Yes,kerrigan,2023-12-20
2023-12-22,Saltburn,2023,https://boxd.it/5mOR9D,2.5,,"theater, regal",2023-12-20
2023-12-22,Poor Things,2023,https://boxd.it/5mWWO3,5,,"theater, regal",2023-12-21
2023-12-23,Anyone But You,2023,https://boxd.it/5nvjel,4,,"theater, regal",2023-12-22
2023-12-23,The Muppet Christmas Carol,1992,https://boxd.it/5nvjVT,5,Yes,"theater, frida, kerrigan",2023-12-22
2023-12-23,The Powerpuff Girls Movie,2002,https://boxd.it/5nvknX,3,,"theater, frida, kerrigan",2023-12-22
2023-12-25,The Girl with the Dragon Tattoo,2011,https://boxd.it/5o9nJR,4,Yes,"theater, frida",2023-12-23
2023-12-25,Elf,2003,https://boxd.it/5oqqy7,4,Yes,kerrigan,2023-12-24
2023-12-25,A Christmas Story,1983,https://boxd.it/5oqqYf,5,Yes,kerrigan,2023-12-24
2023-12-26,Die Hard,1988,https://boxd.it/5oTds9,5,Yes,kerrigan,2023-12-25
2023-12-26,American Fiction,2023,https://boxd.it/5p2rCl,4,,"theater, regal",2023-12-25
2023-12-27,Aquaman,2018,https://boxd.it/5pjrfZ,2,,,2023-12-26
2023-12-27,The Hunt,2020,https://boxd.it/5pnmKr,2.5,,,2023-12-26
2023-12-27,Aquaman and the Lost Kingdom,2023,https://boxd.it/5pvZA7,2,,"theater, regal",2023-12-26
2023-12-27,The Mask,2023,https://boxd.it/5pCKq1,,,,2023-12-26
2023-12-28,Black Christmas,1974,https://boxd.it/5pXEBf,4,,,2023-12-27
2023-12-28,Reality,2023,https://boxd.it/5q8D4h,4,,,2023-12-27
2023-12-29,Theater Camp,2023,https://boxd.it/5qlLFB,4,Yes,,2023-12-28
2023-12-31,Ferrari,2023,https://boxd.it/5rvXpf,4,,"theater, regal",2023-12-29
2023-12-31,Shiva Baby,2020,https://boxd.it/5rRw9t,4,,,2023-12-30
2023-12-31,The Circle,2017,https://boxd.it/5rXGQT,3.5,,,2023-12-30
2024-01-02,Every Body,2023,https://boxd.it/5tal61,4,,,2024-01-01
2024-01-02,The Holdovers,2023,https://boxd.it/5taICT,4,,,2024-01-01
2024-01-02,Austenland,2013,https://boxd.it/5teglN,2,,,2024-01-01
2024-01-03,The Man in the Iron Mask,1998,https://boxd.it/5tQgQd,2,,,2024-01-02
2024-01-06,Thief,1981,https://boxd.it/5vKFjT,4,,"theater, frida",2024-01-05
2024-01-06,Romeo + Juliet,1996,https://boxd.it/5vOCnL,5,Yes,"theater, frida",2024-01-05
2024-01-08,Night Swim,2024,https://boxd.it/5x2QzD,2.5,,"theater, regal",2024-01-07
2024-01-08,Dicks: The Musical,2023,https://boxd.it/5xjs6r,4,Yes,,2024-01-07
2024-01-10,Fire Island,2022,https://boxd.it/5xZNdx,2.5,,,2024-01-08
2024-01-11,Anatomy of a Fall,2023,https://boxd.it/5ywfLV,5,Yes,,2024-01-09
2024-01-11,Double Indemnity,1944,https://boxd.it/5yVfG7,5,,"theater, frida",2024-01-10
2024-01-12,Biosphere,2022,https://boxd.it/5zapG7,4,,,2024-01-11
2024-01-16,Set It Up,2018,https://boxd.it/5BCIoP,4,Yes,,2024-01-14
2024-01-16,Migration,2023,https://boxd.it/5BCIHx,2.5,,"kerrigan, theater, regal",2024-01-15
2024-01-17,The Tragedy of Macbeth,2021,https://boxd.it/5BVnxJ,4,,,2024-01-16
2024-01-17,The Others,2001,https://boxd.it/5Cd0WR,5,Yes,"kerrigan, blu-ray",2024-01-16
2024-01-17,The Curse,2023,https://boxd.it/5CeTeR,5,,,2024-01-16
2024-01-18,Eden Lake,2008,https://boxd.it/5CqP1X,3,,,2024-01-17
2024-01-18,Birth/Rebirth,2023,https://boxd.it/5CtHsd,3,,,2024-01-17
2024-01-18,Be Kind Rewind,2008,https://boxd.it/5CwSFt,4,Yes,,2024-01-17
2024-01-18,The First Purge,2018,https://boxd.it/5CAMFl,3,,,2024-01-17
2024-01-19,Heat,1995,https://boxd.it/5CTwZn,4,Yes,"theater, frida",2024-01-17
2024-01-19,Save the Date,2012,https://boxd.it/5CR9ZZ,3.5,,,2024-01-18
2024-01-19,Nocturne,2020,https://boxd.it/5D1Oo1,3.5,,,2024-01-18
2024-01-19,Flight,2012,https://boxd.it/5D8bnx,3.5,,,2024-01-18
2024-01-19,Swimfan,2002,https://boxd.it/5DaWoL,2,,,2024-01-18
2024-01-20,The Conversation,1974,https://boxd.it/5Dkr8R,3,,,2024-01-19
2024-01-20,The Favourite,2018,https://boxd.it/5DEzUT,5,,"theater, frida",2024-01-19
2024-01-21,M,1931,https://boxd.it/5DRSah,4,,,2024-01-20
2024-01-21,The Swan,2023,https://boxd.it/5DSunX,3,,,2024-01-20
2024-01-21,Poison,2023,https://boxd.it/5DSVAT,4,,,2024-01-20
2024-01-21,The Rat Catcher,2023,https://boxd.it/5DTqN5,3,,,2024-01-20
2024-01-21,The Wonderful Story of Henry Sugar,2023,https://boxd.it/5DUDtT,4,,,2024-01-20
2024-01-21,Do You Like to Read?,2012,https://boxd.it/5DUVal,3,,,2024-01-20
2024-01-21,Come Together,2016,https://boxd.it/5DV4zT,2,,,2024-01-20
2024-01-21,Castello Cavalcanti,2013,https://boxd.it/5DVnC3,4,,,2024-01-20
2024-01-21,Hotel Chevalier,2007,https://boxd.it/5DVO1X,4,,,2024-01-20
2024-01-21,Cousin Ben Troop Screening,2012,https://boxd.it/5DVV1Z,4,,,2024-01-20
2024-01-21,Barry Lyndon,1975,https://boxd.it/5E75bR,5,,"theater, frida",2024-01-20
2024-01-22,Self Reliance,2023,https://boxd.it/5EJGOx,4,,,2024-01-21
2024-01-22,A Quiet Place,2018,https://boxd.it/5EN37d,4,Yes,kerrigan,2024-01-21
2024-01-23,For Your Consideration,2006,https://boxd.it/5EXl8X,3,,,2024-01-21
2024-01-23,A Quiet Place Part II,2020,https://boxd.it/5FgaKT,2,Yes,kerrigan,2024-01-22
2024-01-24,I Could Never Be Your Woman,2007,https://boxd.it/5Fw6rZ,2,,,2024-01-22
2024-01-24,The Village,2004,https://boxd.it/5FI4oX,5,Yes,kerrigan,2024-01-23
2024-01-24,The Lobster,2015,https://boxd.it/5FI5RL,4,Yes,"theater, frida",2024-01-23
2024-01-24,The Killing of a Sacred Deer,2017,https://boxd.it/5FL0dn,5,,"theater, frida",2024-01-23
2024-01-25,Kinetta,2005,https://boxd.it/5GaVk1,,,"frida, theater",2024-01-24
2024-01-26,Alps,2011,https://boxd.it/5Gjicl,2.5,,,2024-01-24
2024-01-26,Nimic,2019,https://boxd.it/5Gkl9h,4,,,2024-01-25
2024-01-26,Necktie,2013,https://boxd.it/5Gko3r,3.5,,,2024-01-25
2024-01-27,Happy Death Day,2017,https://boxd.it/5GO3bT,3.5,Yes,kerrigan,2024-01-25
2024-01-27,Oppenheimer,2023,https://boxd.it/5H6nyJ,5,Yes,"theater, regal, 70mm, imax",2024-01-26
2024-01-28,Mad Max,1979,https://boxd.it/5HvJ39,1.5,,,2024-01-27
2024-01-28,Mean Girls,2024,https://boxd.it/5HCXFl,4,,"theater, regal, kerrigan",2024-01-27
2024-01-28,Night Swim,2024,https://boxd.it/5HJdgX,2.5,Yes,"theater, regal, kerrigan",2024-01-27
2024-01-30,Miami Vice,2006,https://boxd.it/5IsNH1,2.5,,blu-ray,2024-01-28
2024-01-30,Dogtooth,2009,https://boxd.it/5IsOoz,4,,blu-ray,2024-01-28
2024-01-30,Collateral,2004,https://boxd.it/5IOuKp,4,,"theater, frida",2024-01-29
2024-01-31,Repo! The Genetic Opera,2008,https://boxd.it/5IZ4NJ,2,,,2024-01-30
2024-02-01,The Zone of Interest,2023,https://boxd.it/5JmSNZ,4,,"theater, regal",2024-01-30
2024-02-01,Un Chien Andalou,1929,https://boxd.it/5Ju42b,3,,,2024-01-31
2024-02-01,Happy Death Day 2U,2019,https://boxd.it/5JDItJ,3.5,Yes,"kerrigan, blu-ray",2024-01-31
2024-02-02,Blackhat,2015,https://boxd.it/5JRqan,3.5,,,2024-02-01
2024-02-02,The Fall,2019,https://boxd.it/5JSC5h,4,,,2024-02-01
2024-02-02,Pool,1994,https://boxd.it/5JTqPz,1,,,2024-02-01
2024-02-02,Canon: Urban Deer,2014,https://boxd.it/5JTwm9,2,,,2024-02-01
2024-02-02,Mad,1994,https://boxd.it/5JTzjx,0.5,,,2024-02-01
2024-02-02,Commission,1994,https://boxd.it/5JTHSb,1,,,2024-02-01
2024-02-02,Strasbourg 1518,2020,https://boxd.it/5JUvsx,1,,,2024-02-01
2024-02-02,Sexy Beast,2000,https://boxd.it/5K0Bcd,4,,,2024-02-01
2024-02-02,Duel,1971,https://boxd.it/5K4dAN,3,,"theater, frida, 16mm, see it on 16mm",2024-02-01
2024-02-03,Birth,2004,https://boxd.it/5KoWwh,4,,,2024-02-02
2024-02-03,The Tell-Tale Heart,2008,https://boxd.it/5Kpu9V,3.5,,,2024-02-02
2024-02-03,Mean Girls,2024,https://boxd.it/5KwlcP,4,Yes,"theater, regal, kerrigan",2024-02-02
2024-02-04,Touched by the Hand of God,1987,https://boxd.it/5KMerb,2,,,2024-02-03
2024-02-04,The Killer,2023,https://boxd.it/5KQGJ1,4,,,2024-02-03
2024-02-04,Near Dark,1987,https://boxd.it/5L2OVN,4,,"theater, frida",2024-02-03
2024-02-04,Point Break,1991,https://boxd.it/5L5il5,4,,"theater, frida",2024-02-03
2024-02-05,Fantastic Mr. Fox,2009,https://boxd.it/5LAdYX,4,,kerrigan,2024-02-04
2024-02-05,Dear Evan Hansen,2021,https://boxd.it/5LBH8J,2,,,2024-02-04
2024-02-06,Marie Antoinette,2006,https://boxd.it/5LPulN,4,,,2024-02-05
2024-02-06,Lick the Star,1998,https://boxd.it/5LRPlt,4,,,2024-02-05
2024-02-06,A Very Murray Christmas,2015,https://boxd.it/5LVztT,4,,,2024-02-05
2024-02-06,Isle of Dogs,2018,https://boxd.it/5LZICX,3.5,,"blu-ray, kerrigan",2024-02-05
2024-02-06,The Innocents,1961,https://boxd.it/5M2dmP,5,,blu-ray,2024-02-05
2024-02-07,The Host,2006,https://boxd.it/5Mrp81,4,,"theater, frida, kerrigan",2024-02-06
2024-02-08,Passages,2023,https://boxd.it/5MBKBX,3,,,2024-02-07
2024-02-08,Dario Argento: Panico,2023,https://boxd.it/5MEGbH,,,,2024-02-07
2024-02-08,The Potemkinists,2022,https://boxd.it/5MHdCb,,,,2024-02-07
2024-02-08,Oracle,2023,https://boxd.it/5MKX4P,2.5,,,2024-02-07
2024-02-09,The In-Laws,1979,https://boxd.it/5MWUth,3.5,,blu-ray,2024-02-07
2024-02-09,Maestro,2023,https://boxd.it/5N14RV,3,,,2024-02-08
2024-02-10,The Sweet East,2023,https://boxd.it/5NFVsT,1,,"theater, frida",2024-02-09
2024-02-11,Notting Hill,1999,https://boxd.it/5OaQbv,4,Yes,"theater, frida",2024-02-10
2024-02-11,Lisa Frankenstein,2024,https://boxd.it/5OaT1X,4,,"theater, regal",2024-02-10
2024-02-12,Departing Seniors,2023,https://boxd.it/5OAA5N,5,,"theater, frida, kerrigan",2024-02-11
2024-02-13,Plus One,2019,https://boxd.it/5OOjyr,3.5,,,2024-02-11
2024-02-13,Emelie,2015,https://boxd.it/5OPqgV,3.5,,,2024-02-12
2024-02-14,Press Play,2022,https://boxd.it/5Pe1aX,4,,,2024-02-12
2024-02-14,Dune,2021,https://boxd.it/5Pwz59,3.5,Yes,"theater, regal, kerrigan, imax",2024-02-13
2024-02-15,Homing In,2017,https://boxd.it/5PM2lb,3.5,,,2024-02-14
2024-02-15,American Male,2016,https://boxd.it/5PMdmT,3,,,2024-02-14
2024-02-18,Rashomon,1950,https://boxd.it/5R3JC3,4,,blu-ray,2024-02-17
2024-02-18,It Happened One Night,1934,https://boxd.it/5RaMNH,5,,blu-ray,2024-02-17
2024-02-18,"The Cook, the Thief, His Wife & Her Lover",1989,https://boxd.it/5ReO9H,5,,blu-ray,2024-02-17
2024-02-18,The Fisher King,1991,https://boxd.it/5RlQs1,4,,blu-ray,2024-02-17
2024-02-19,Sorry to Bother You,2018,https://boxd.it/5RzDVx,4,,,2024-02-18
2024-02-19,10 Things I Hate About You,1999,https://boxd.it/5RYOIJ,3.5,Yes,kerrigan,2024-02-18
2024-02-20,How to Blow Up a Pipeline,2022,https://boxd.it/5S886t,4,,,2024-02-19
2024-02-20,Poltergeist,1982,https://boxd.it/5Snzct,4,Yes,kerrigan,2024-02-19
2024-02-20,Dead End,2003,https://boxd.it/5SqNPv,3.5,,,2024-02-19
2024-02-21,Bottoms,2023,https://boxd.it/5SK1xj,5,Yes,,2024-02-20
2024-02-21,Ready or Not,2019,https://boxd.it/5SPBQB,5,Yes,"kerrigan, blu-ray",2024-02-20
2024-02-22,Final Fantasy VII: Advent Children,2005,https://boxd.it/5TfDit,2.5,,"theater, regal",2024-02-21
2024-02-24,The Birdcage,1996,https://boxd.it/5U5dLX,5,Yes,"kerrigan, blu-ray",2024-02-22
2024-02-24,Sisters,1972,https://boxd.it/5U5dll,4,Yes,"theater, frida",2024-02-23
2024-02-24,Body Double,1984,https://boxd.it/5U7bQv,4,Yes,"frida, theater",2024-02-23
2024-02-24,Snake Eyes,1998,https://boxd.it/5U8KLx,4,,"theater, frida",2024-02-23
2024-02-25,Eternal Sunshine of the Spotless Mind,2004,https://boxd.it/5UwXp3,5,Yes,"theater, frida, kerrigan",2024-02-24
2024-02-25,House,1977,https://boxd.it/5UBI8L,5,Yes,"theater, frida, kerrigan, horrorbuzz",2024-02-24
2024-02-26,"Paris, Texas",1984,https://boxd.it/5VaSYd,5,,"theater, frida",2024-02-25
2024-02-28,Wings of Desire,1987,https://boxd.it/5W147T,5,,"theater, frida",2024-02-27
2024-02-28,Tenet,2020,https://boxd.it/5W14BT,5,,"theater, regal, kerrigan, imax, 70mm",2024-02-27
2024-02-29,Ava,2017,https://boxd.it/5WhjFD,3.5,,,2024-02-28
2024-02-29,The Birds,1963,https://boxd.it/5WpNL3,5,,"theater, frida, kerrigan",2024-02-28
2024-03-03,Starman,1984,https://boxd.it/5XCuRV,3,,,2024-03-02
2024-03-03,Perfect Days,2023,https://boxd.it/5XKAWj,5,,"theater, frida",2024-03-02
2024-03-03,Stopmotion,2023,https://boxd.it/5XOvRB,3,,"theater, frida",2024-03-02
2024-03-03,Drugstore June,2024,https://boxd.it/5XRreL,4,,"theater, frida",2024-03-02
2024-03-06,Days of Heaven,1978,https://boxd.it/5Zmbuf,5,,"theater, frida",2024-03-05
2024-03-07,The Steamroller and the Violin,1961,https://boxd.it/5ZAWuz,,,,2024-03-06
2024-03-10,The House Bunny,2008,https://boxd.it/612JFz,4,Yes,,2024-03-08
2024-03-10,27 Dresses,2008,https://boxd.it/612K6l,4,Yes,,2024-03-09
2024-03-11,Dune: Part Two,2024,https://boxd.it/61NpRf,5,,"theater, regal, imax, 70mm",2024-03-10
2024-03-13,Along for the Ride,2022,https://boxd.it/62yQa7,3,,,2024-03-12
2024-03-13,The Fly,1986,https://boxd.it/62DgIx,5,Yes,"theater, frida, kerrigan",2024-03-12
2024-03-14,The Re-Education of Molly Singer,2023,https://boxd.it/62LZH1,3,,,2024-03-13
2024-03-14,The Lady Eve,1941,https://boxd.it/632yDP,5,,"theater, frida, kerrigan",2024-03-13
2024-03-15,Ball of Fire,1941,https://boxd.it/63o6HX,4,,,2024-03-14
2024-03-16,Ivan's Childhood,1962,https://boxd.it/63xNPt,5,,blu-ray,2024-03-14
2024-03-17,Ghost Dog: The Way of the Samurai,1999,https://boxd.it/647nZf,4,Yes,"theater, frida, kerrigan",2024-03-15
2024-03-17,A Nightmare on Elm Street,1984,https://boxd.it/647p7J,4,Yes,kerrigan,2024-03-16
2024-03-17,Kiss Kiss Bang Bang,2005,https://boxd.it/64qqMr,3.5,,"theater, frida",2024-03-16
2024-03-17,Dredd,2012,https://boxd.it/64qrat,4,Yes,"theater, frida",2024-03-16
2024-03-18,Ambulance,2022,https://boxd.it/64ASL7,2.5,,"theater, frida",2024-03-16
2024-03-19,Dune: Part Two,2024,https://boxd.it/6594Cz,5,Yes,"theater, regal, imax, 70mm, kerrigan",2024-03-17
2024-03-19,One from the Heart,1982,https://boxd.it/65spNL,4,,"theater, frida",2024-03-18
2024-03-20,Imaginary,2024,https://boxd.it/65Swr5,4,,"theater, regal, kerrigan",2024-03-19
2024-03-22,Love Lies Bleeding,2024,https://boxd.it/66Ewbd,5,,"theater, frida",2024-03-21
2024-03-22,Pop,2017,https://boxd.it/66EGHX,,,,2024-03-21
2024-03-22,O,2015,https://boxd.it/66ELAn,,,,2024-03-21
2024-03-23,Bath Time,2015,https://boxd.it/66N3yb,,,,2024-03-22
2024-03-23,Riddle of Fire,2023,https://boxd.it/675Hzz,5,,"theater, frida, kerrigan",2024-03-22
2024-03-23,Jennifer's Body,2009,https://boxd.it/675HUR,4,Yes,"theater, frida, kerrigan",2024-03-22
2024-03-23,"South Park: Bigger, Longer & Uncut",1999,https://boxd.it/675I85,4,Yes,"theater, frida, kerrigan",2024-03-22
2024-03-24,First Time Female Director,2023,https://boxd.it/67dqOD,4,,,2024-03-23
2024-03-24,Room 55,2014,https://boxd.it/67iqIP,,,,2024-03-23
2024-03-24,Moths,2010,https://boxd.it/67u9WJ,,,,2024-03-23
2024-03-24,Storm House,2012,https://boxd.it/67uE9D,,,,2024-03-23
2024-03-24,Immaculate,2024,https://boxd.it/67zkaL,4,,"theater, regal",2024-03-23
2024-03-25,Ghostbusters,1984,https://boxd.it/6866fX,4,Yes,"kerrigan, blu-ray",2024-03-24
2024-03-25,The Ward,2010,https://boxd.it/688i9V,3,,,2024-03-24
2024-03-26,Ghostbusters II,1989,https://boxd.it/68jWtX,4,Yes,"blu-ray, kerrigan",2024-03-24
2024-03-26,Mirror,1975,https://boxd.it/68mRXz,5,,,2024-03-25
2024-03-26,Nostalgia,1983,https://boxd.it/68DRk7,5,,"theater, frida",2024-03-25
2024-03-27,Annie Hall,1977,https://boxd.it/68LpKd,4,Yes,,2024-03-26
2024-03-27,My Favorite Shapes by Julio Torres,2019,https://boxd.it/690BrH,3.5,,,2024-03-26
2024-03-27,Ghostbusters: Afterlife,2021,https://boxd.it/693AXN,3.5,,"kerrigan, blu-ray",2024-03-26
2024-03-28,Thanksgiving,2023,https://boxd.it/69jM3f,3,,,2024-03-27
2024-03-29,Ex Machina,2015,https://boxd.it/69Cc7X,5,Yes,"theater, regal, imax",2024-03-27
2024-03-30,Matilda,1996,https://boxd.it/6a5u2J,3.5,Yes,"theater, frida, kerrigan",2024-03-28
2024-03-30,Cinema Paradiso,1988,https://boxd.it/6atjox,4,,"theater, frida",2024-03-29
2024-03-30,Angel,1984,https://boxd.it/6atjA9,3,,"theater, frida",2024-03-29
2024-03-30,Freeway,1996,https://boxd.it/6atk9D,4,,"theater, frida",2024-03-29
2024-03-31,Ring,1998,https://boxd.it/6b00kR,4,Yes,"theater, frida, kerrigan",2024-03-30
2024-04-02,Ghostbusters: Frozen Empire,2024,https://boxd.it/6c5767,3.5,,"theater, regal, kerrigan",2024-04-01
2024-04-03,A Nightmare on Elm Street Part 2: Freddy's Revenge,1985,https://boxd.it/6cvp7f,2.5,Yes,"blu-ray, kerrigan",2024-04-02
2024-04-03,Drag Me to Hell,2009,https://boxd.it/6cvpwT,4,Yes,"blu-ray, kerrigan",2024-04-02
2024-04-05,Annihilation,2018,https://boxd.it/6dhj91,5,,"theater, frida",2024-04-04
2024-04-05,A Bucket of Blood,1959,https://boxd.it/6dhjEj,3,,"theater, frida, 16mm, see it on 16mm",2024-04-04
2024-04-05,The Little Shop of Horrors,1960,https://boxd.it/6diQj1,3.5,,"theater, frida, 16mm, see it on 16mm",2024-04-04
2024-04-06,Late Night with the Devil,2023,https://boxd.it/6dHMGl,5,,"theater, frida",2024-04-05
2024-04-07,Frogman,2023,https://boxd.it/6efv01,4,,"theater, frida",2024-04-06
2024-04-07,Every Time We Meet for Ice Cream Your Whole F*cking Face Explodes,2021,https://boxd.it/6efHFb,4,,,2024-04-06
2024-04-08,Galaxy Quest,1999,https://boxd.it/6eK4Gh,4,Yes,"theater, frida, kerrigan",2024-04-07
2024-04-08,Escape from New York,1981,https://boxd.it/6eK6t5,3,,,2024-04-07
2024-04-10,The First Omen,2024,https://boxd.it/6fv03z,4,,"theater, regal",2024-04-09
2024-04-11,12 Angry Men,1957,https://boxd.it/6fRPbj,5,,"theater, frida",2024-04-10
2024-04-12,Civil War,2024,https://boxd.it/6gdD9f,5,,"frida, theater",2024-04-11
2024-04-14,The Babysitter,2017,https://boxd.it/6gHW3l,4,Yes,kerrigan,2024-04-12
2024-04-14,Step Brothers,2008,https://boxd.it/6gHWpL,4,,kerrigan,2024-04-12
2024-04-23,The Babysitter: Killer Queen,2020,https://boxd.it/6kn89f,4,Yes,kerrigan,2024-04-13
2024-04-23,A Nightmare on Elm Street 3: Dream Warriors,1987,https://boxd.it/6kn8ql,4,Yes,kerrigan,2024-04-16
2024-04-23,Barbie,2023,https://boxd.it/6kn8Yx,5,Yes,"cruise, royal caribbean, kerrigan",2024-04-16
2024-04-23,Mission: Impossible – Dead Reckoning,2023,https://boxd.it/6kn9jl,3.5,Yes,"royal caribbean, cruise",2024-04-17
2024-04-23,The Cabin in the Woods,2011,https://boxd.it/6kn9GT,3.5,Yes,kerrigan,2024-04-17
2024-04-23,Talladega Nights: The Ballad of Ricky Bobby,2006,https://boxd.it/6knb1X,3,Yes,kerrigan,2024-04-20
2024-04-23,Happy Gilmore,1996,https://boxd.it/6knbhB,4,Yes,kerrigan,2024-04-20
2024-04-23,Knocked Up,2007,https://boxd.it/6knbtR,4,Yes,kerrigan,2024-04-20
2024-04-23,Sasquatch Sunset,2024,https://boxd.it/6kxtid,3,,"theater, alamo",2024-04-22
2024-04-23,The People's Joker,2022,https://boxd.it/6kAi9v,4,,"theater, alamo",2024-04-22
2024-04-23,Monkey Man,2024,https://boxd.it/6kCUwh,4,,"theater, alamo",2024-04-22
2024-04-26,The Abominable Dr. Phibes,1971,https://boxd.it/6lsgfT,3,,"theater, alamo",2024-04-23
2024-04-26,Cryptozoo,2021,https://boxd.it/6lsgu5,2,,"theater, alamo",2024-04-24
2024-04-27,Clifford,1994,https://boxd.it/6lSAZJ,3,Yes,,2024-04-26
2024-04-27,Scoop,2024,https://boxd.it/6lZDAV,3.5,,,2024-04-26
2024-04-27,Challengers,2024,https://boxd.it/6m3HXx,5,,"theater, regal",2024-04-26
2024-04-28,Night of the Comet,1984,https://boxd.it/6mzHu5,3,,"theater, frida, horrorbuzz",2024-04-27
2024-04-28,Swallow,2019,https://boxd.it/6mzHHt,4,,,2024-04-27
2024-04-30,Spider-Man 3,2007,https://boxd.it/6nukBh,3,Yes,"theater, frida, kerrigan",2024-04-29
2024-05-01,Abigail,2024,https://boxd.it/6nSdg5,4,,"theater, regal, kerrigan",2024-04-30
2024-05-02,Blazing Saddles,1974,https://boxd.it/6oiWAV,4,Yes,"theater, frida, kerrigan, 16mm, see it on 16mm",2024-05-01
2024-05-03,Dogfight,1991,https://boxd.it/6ozI4b,5,,blu-ray,2024-05-02
2024-05-03,The Social Network,2010,https://boxd.it/6oDtn1,4,,,2024-05-02
2024-05-03,The Lost Boys,1987,https://boxd.it/6oHAvT,3.5,Yes,"theater, frida, creepy af, kerrigan",2024-05-02
2024-05-04,The Idea of You,2024,https://boxd.it/6p3OE5,3,,,2024-05-03
2024-05-04,Computer Chess,2013,https://boxd.it/6p6FKT,3,,,2024-05-03
2024-05-05,The Whale,2022,https://boxd.it/6ppH6J,5,,,2024-05-04
2024-05-05,SPY x FAMILY CODE: White,2023,https://boxd.it/6pykpV,5,,"theater, regal, kerrigan",2024-05-04
2024-05-05,Look Who's Talking,1989,https://boxd.it/6pCdYH,2.5,,,2024-05-04
2024-05-05,Valley Girl,1983,https://boxd.it/6pEHL3,3,,,2024-05-04
2024-05-06,The American Society of Magical Negroes,2024,https://boxd.it/6pXBbh,4,,,2024-05-05
2024-05-06,Tarot,2024,https://boxd.it/6qbo9F,2,,"theater, regal, kerrigan",2024-05-05
2024-05-10,The Omen,1976,https://boxd.it/6rBpkb,3,,,2024-05-05
2024-05-07,Anyone But You,2023,https://boxd.it/6qyefz,4,Yes,,2024-05-06
2024-05-07,The Amazing Spider-Man,2012,https://boxd.it/6qC3Qd,4,,"theater, frida, kerrigan",2024-05-06
2024-05-08,Daisies,1966,https://boxd.it/6qX5g9,5,,"theater, frida, kerrigan",2024-05-07
2024-05-09,I Saw the TV Glow,2024,https://boxd.it/6rkvWB,5,,"theater, frida, kerrigan, 📺",2024-05-08
2024-05-10,"Scream, Queen! My Nightmare on Elm Street",2019,https://boxd.it/6rqRwH,5,,,2024-05-09
2024-05-11,The Omen,2006,https://boxd.it/6rW7dN,3,,,2024-05-10
2024-05-11,Phantom of the Paradise,1974,https://boxd.it/6s31WV,5,Yes,"theater, frida, kerrigan",2024-05-10
2024-05-11,Blended,2014,https://boxd.it/6s3Y2H,4,,,2024-05-10
2024-05-12,The Fall Guy,2024,https://boxd.it/6snvmX,4,,"theater, regal, kerrigan",2024-05-11
2024-05-13,Mother of the Bride,2024,https://boxd.it/6sP9KJ,2,,,2024-05-12
2024-05-13,Psycho,1960,https://boxd.it/6sXq1d,5,Yes,"theater, frida, kerrigan",2024-05-12
2024-05-14,The Amazing Spider-Man 2,2014,https://boxd.it/6tkgiJ,3.5,,"theater, frida, kerrigan",2024-05-13
2024-05-16,Better Off Dead...,1985,https://boxd.it/6u0UoB,4,,"theater, frida, kerrigan",2024-05-15
2024-05-17,I Saw the TV Glow,2024,https://boxd.it/6umYcD,5,Yes,"theater, frida, kerrigan",2024-05-16
2024-05-20,Faceless After Dark,2023,https://boxd.it/6vBbHB,4,,"theater, frida",2024-05-19
2024-06-04,Spider-Man: Homecoming,2017,https://boxd.it/6BWlsH,4,Yes,kerrigan,2024-05-20
2024-05-22,Wake in Fright,1971,https://boxd.it/6wqZdD,4,,"theater, frida",2024-05-21
2024-05-25,Down Low,2023,https://boxd.it/6xlH9n,3,,,2024-05-24
2024-05-25,A Simple Favor,2018,https://boxd.it/6xwQEL,3.5,,,2024-05-24
2024-05-25,Madame Web,2024,https://boxd.it/6xAPzD,2,,,2024-05-24
2024-05-25,How to Be Single,2016,https://boxd.it/6xCvnB,2.5,,,2024-05-24
2024-05-26,Splash,1984,https://boxd.it/6xK94D,4,Yes,,2024-05-25
2024-05-26,Legally Blonde,2001,https://boxd.it/6y5xZl,4,Yes,"theater, frida, kerrigan",2024-05-25
2024-05-28,Mad Max: Fury Road,2015,https://boxd.it/6yRTbN,4.5,Yes,,2024-05-27
2024-05-28,Furiosa: A Mad Max Saga,2024,https://boxd.it/6yRTRf,4,,"theater, regal",2024-05-27
2024-05-29,Mad Max 2,1981,https://boxd.it/6z9yWT,3.5,,,2024-05-27
2024-05-29,Tusk,2014,https://boxd.it/6zajWB,4,Yes,"theater, frida, kerrigan",2024-05-27
2024-05-29,It,2017,https://boxd.it/6zoFHV,4,Yes,"blu-ray, kerrigan",2024-05-28
2024-05-30,Girlfight,2000,https://boxd.it/6zOcfZ,5,,blu-ray,2024-05-29
2024-05-31,In a Violent Nature,2024,https://boxd.it/6AbZnJ,4,,"theater, AMC",2024-05-30
2024-06-01,Carrie,1976,https://boxd.it/6AAIZV,5,Yes,"theater, frida, kerrigan",2024-05-31
2024-06-02,But I'm a Cheerleader,1999,https://boxd.it/6B2nJD,5,Yes,"theater, frida, kerrigan",2024-06-01
2024-06-04,Spider-Man: Far From Home,2019,https://boxd.it/6BWmzT,4,Yes,kerrigan,2024-06-02
2024-06-04,It Chapter Two,2019,https://boxd.it/6BWmUn,4,Yes,"kerrigan, blu-ray",2024-06-02
2024-06-04,Spider-Man: No Way Home,2021,https://boxd.it/6BWjN9,4,Yes,"frida, theater, kerrigan",2024-06-03
2024-06-05,Bodies Bodies Bodies,2022,https://boxd.it/6C6aIp,4,Yes,netflix,2024-06-04
2024-06-05,Fitzcarraldo,1982,https://boxd.it/6CiF3r,4,,"theater, frida",2024-06-04
2024-06-06,Greedy,1994,https://boxd.it/6CDOGp,4,,"theater, frida, kerrigan",2024-06-05
2024-06-09,Rope,1948,https://boxd.it/6DQEjZ,5,,"theater, frida, kerrigan",2024-06-06
2024-06-09,Oculus,2013,https://boxd.it/6DQEEX,3.5,Yes,"blu-ray, kerrigan",2024-06-08
2024-06-10,Nosferatu the Vampyre,1979,https://boxd.it/6EkklV,5,,peacock,2024-06-09
2024-06-11,Pain Hustlers,2023,https://boxd.it/6EJ6JJ,4,,netflix,2024-06-10
2024-06-12,I Don't Feel at Home in This World Anymore,2017,https://boxd.it/6F6m4D,5,Yes,netflix,2024-06-11
2024-06-16,Freaky Friday,2003,https://boxd.it/6GBzbX,3.5,Yes,"theater, frida, kerrigan",2024-06-15
2024-06-20,Inside Out,2015,https://boxd.it/6HUY8B,5,Yes,"disney+, kerrigan",2024-06-18
2024-06-28,Some Like It Hot,1959,https://boxd.it/6L6akN,5,Yes,"theater, frida, kerrigan",2024-06-19
2024-06-28,The Watchers,2024,https://boxd.it/6L68fB,4,,"theater, regal, kerrigan",2024-06-25
2024-06-30,Inside Out 2,2024,https://boxd.it/6M7VSN,4,,"theater, regal, kerrigan",2024-06-28
2024-06-30,Serial Mom,1994,https://boxd.it/6M7W8r,5,,"theater, frida",2024-06-29
2024-07-01,Indiana Jones and the Temple of Doom,1984,https://boxd.it/6MzxFV,3.5,Yes,"frida, theater, kerrigan",2024-06-30
2024-07-03,X,2022,https://boxd.it/6N5q1j,4,Yes,"theater, frida, kerrigan",2024-07-01
2024-07-03,Pearl,2022,https://boxd.it/6N5qdT,5,Yes,"theater, frida, kerrigan",2024-07-01
2024-07-03,A Family Affair,2024,https://boxd.it/6Nlvht,2.5,,netflix,2024-07-02
2024-07-04,MaXXXine,2024,https://boxd.it/6NM1wR,4,,"theater, frida, kerrigan",2024-07-03
2024-07-04,The Hunger Games: The Ballad of Songbirds & Snakes,2023,https://boxd.it/6NOE2l,3.5,,starz,2024-07-03
2024-07-05,I Am the Pretty Thing That Lives in the House,2016,https://boxd.it/6O8uC9,4,,netflix,2024-07-04
2024-07-05,Hit Man,2023,https://boxd.it/6Ob5Hp,4,,netflix,2024-07-04
2024-07-06,Miller's Girl,2024,https://boxd.it/6OkWCP,3.5,,netflix,2024-07-05
2024-07-06,Warcraft,2016,https://boxd.it/6OrdQr,3,Yes,netflix,2024-07-05
2024-07-06,The Paperboy,2012,https://boxd.it/6Owt1p,3.5,,peacock,2024-07-05
2024-07-06,Kinds of Kindness,2024,https://boxd.it/6OBXl5,5,,"theater, frida",2024-07-05
2024-07-08,Despicable Me 4,2024,https://boxd.it/6PtKIt,2.5,,"theater, regal, kerrigan",2024-07-07
2024-07-15,The Blackcoat's Daughter,2015,https://boxd.it/6SIW51,5,,,2024-07-14
2024-07-16,A Quiet Place: Day One,2024,https://boxd.it/6T9oCJ,4,,"theater, regal, kerrigan",2024-07-15
2024-07-17,Crumb Catcher,2023,https://boxd.it/6TBqLp,4,,"theater, alamo",2024-07-16
2024-07-18,Night of the Comet,1984,https://boxd.it/6TKaOv,4,Yes,"theater, alamo",2024-07-16
2024-07-18,Black Caesar,1973,https://boxd.it/6U4QLD,3.5,,"theater, alamo",2024-07-17
2024-07-19,Longlegs,2024,https://boxd.it/6Urd7Z,5,,"theater, frida",2024-07-18
2024-07-20,Black Bear,2020,https://boxd.it/6UTIzV,4,,amazon,2024-07-19
2024-07-23,Longlegs,2024,https://boxd.it/6WohDx,5,Yes,"theater, regal",2024-07-21
2024-07-23,Unbreakable,2000,https://boxd.it/6WofPV,5,Yes,"theater, frida, kerrigan",2024-07-22
2024-07-23,Signs,2002,https://boxd.it/6Wog05,4.5,Yes,"theater, frida, kerrigan",2024-07-22
2024-07-25,No One Will Save You,2023,https://boxd.it/6XfUc7,4,Yes,"hulu, kerrigan",2024-07-24
2024-07-25,Oddity,2024,https://boxd.it/6XfUrL,4,,"theater, regal",2024-07-24
2024-07-28,Noises Off...,1992,https://boxd.it/6YujEd,5,Yes,criterion,2024-07-27
2024-07-29,Clue,1985,https://boxd.it/6YUP23,5,Yes,"kerrigan, blu-ray",2024-07-27
2024-07-29,Drive-Away Dolls,2024,https://boxd.it/6YSI27,4,,peacock,2024-07-28
2024-07-29,Black Sheep,2006,https://boxd.it/6YWxoJ,2.5,,starz,2024-07-28
2024-07-29,Deadpool,2016,https://boxd.it/6Z7GBf,4,Yes,max,2024-07-28
2024-07-29,Deadpool 2,2018,https://boxd.it/6Z7GSP,4,Yes,disney+,2024-07-28
2024-07-30,Reefer Madness: The Movie Musical,2005,https://boxd.it/6ZhiX7,3.5,,prime,2024-07-28
2024-07-30,Deadpool & Wolverine,2024,https://boxd.it/6ZA2Th,4,,"theater, regal, imax",2024-07-29
2024-07-31,The Man from U.N.C.L.E.,2015,https://boxd.it/6ZUVsP,3,,netflix,2024-07-30
2024-07-31,Tenebre,1982,https://boxd.it/6ZYAp9,5,,criterion,2024-07-30
2024-07-31,Petite Maman,2021,https://boxd.it/6ZZMwN,5,,hulu,2024-07-30
2024-08-01,Twisters,2024,https://boxd.it/70nmFH,4,,"theater, regal",2024-07-31
2024-08-04,Trap,2024,https://boxd.it/71yfkt,4,,"theater, kerrigan, regal",2024-08-03
2024-08-06,The Silence of the Lambs,1991,https://boxd.it/72iLef,5,Yes,"kerrigan, blu-ray",2024-08-04
2024-08-07,Barbie,2023,https://boxd.it/72YQVn,5,Yes,"kerrigan, blu-ray",2024-08-05
2024-08-07,Little Shop of Horrors,1986,https://boxd.it/72YRdV,5,Yes,"blu-ray, kerrigan",2024-08-06
2024-08-09,Cuckoo,2024,https://boxd.it/73PN89,4,,"theater, frida",2024-08-08
2024-08-10,Old,2021,https://boxd.it/74eBi7,3.5,,peacock,2024-08-09
2024-08-12,Personal Shopper,2016,https://boxd.it/755qW7,4,,criterion,2024-08-11
2024-08-12,Working Girl,1988,https://boxd.it/759Y3X,3.5,,hulu,2024-08-11
2024-08-13,Borderlands,2024,https://boxd.it/75FAyh,2.5,,"theater, kerrigan, regal, imax",2024-08-12
2024-08-19,School of Rock,2003,https://boxd.it/78oXav,5,,"kerrigan, blu-ray",2024-08-18
2024-08-19,Crimson Peak,2015,https://boxd.it/78s97T,5,,"kerrigan, blu-ray",2024-08-18
2024-08-21,Alien: Romulus,2024,https://boxd.it/79j3H3,4,,"theater, kerrigan, regal, imax",2024-08-19
2024-08-21,The Conversation,1974,https://boxd.it/79npnR,5,Yes,"theater, frida",2024-08-20
2024-08-23,Roman Holiday,1953,https://boxd.it/79U1QV,5,,"theater, frida, kerrigan",2024-08-21
2024-08-24,Dìdi (弟弟),2024,https://boxd.it/7ajvHJ,4,,"theater, frida",2024-08-22
2024-08-24,Caligula: The Ultimate Cut,2023,https://boxd.it/7aFiI9,4,,"theater, frida",2024-08-23
2024-08-26,The Train,1964,https://boxd.it/7bJSAH,4,,"theater, kerrigan, frida",2024-08-25
2024-08-29,The Silence of the Lambs,1991,https://boxd.it/7cL1Of,5,Yes,"theater, frida, kerrigan",2024-08-26
2024-08-29,That's My Boy,2012,https://boxd.it/7cTt6L,3,Yes,netflix,2024-08-28
2024-08-29,Unfrosted,2024,https://boxd.it/7d2PDl,3,,netflix,2024-08-28
2024-08-29,Everything Everywhere All at Once,2022,https://boxd.it/7d2RbD,5,Yes,"imax, theater, regal, kerrigan",2024-08-28
2024-09-02,Princess Mononoke,1997,https://boxd.it/7eXaOl,5,Yes,"theater, frida, kerrigan",2024-08-30
2024-09-02,Bring It On,2000,https://boxd.it/7eX9Q1,3.5,Yes,"theater, frida, kerrigan",2024-08-31
2024-09-02,Jawbreaker,1999,https://boxd.it/7eXadz,3.5,,"theater, frida, kerrigan",2024-09-01
2024-09-12,The Hudsucker Proxy,1994,https://boxd.it/7jnlkz,5,,"theater, frida",2024-09-11
2024-09-21,Beetlejuice,1988,https://boxd.it/7mYzOT,4,Yes,"kerrigan, max",2024-09-11
2024-09-16,"Paris, Texas",1984,https://boxd.it/7kQ3cJ,5,Yes,"theater, frida",2024-09-14
2024-09-16,Hot Tub Time Machine,2010,https://boxd.it/7kXzYT,4,Yes,netflix,2024-09-15
2024-09-16,Players,2024,https://boxd.it/7l2fmF,3,,netflix,2024-09-15
2024-09-16,Anyone But You,2023,https://boxd.it/7l9eTR,4,Yes,netflix,2024-09-15
2024-09-16,Crazy Rich Asians,2018,https://boxd.it/7ldzS9,5,Yes,netflix,2024-09-15
2024-09-16,Sex Tape,2014,https://boxd.it/7lfYZ9,3,Yes,netflix,2024-09-15
2024-09-20,Venom,2018,https://boxd.it/7mBv1H,3.5,,disney+,2024-09-19
2024-09-20,The Accidental Husband,2008,https://boxd.it/7mN2rb,2.5,,peacock,2024-09-19
2024-09-21,Beetlejuice Beetlejuice,2024,https://boxd.it/7mYyfD,4,,"theater, regal, kerrigan",2024-09-19
2024-09-21,Sleeping with Other People,2015,https://boxd.it/7n0QPj,4,Yes,paramount+,2024-09-20
2024-09-21,The Substance,2024,https://boxd.it/7nhYfH,5,,"theater, frida",2024-09-20
2024-09-30,The Devil Wears Prada,2006,https://boxd.it/7r7UNh,5,Yes,,2024-09-21
2024-09-30,Ford v Ferrari,2019,https://boxd.it/7r7TfD,4,,,2024-09-27
2024-09-30,Queenpins,2021,https://boxd.it/7r7S5n,4,,netflix,2024-09-29
2024-09-30,Phantom Thread,2017,https://boxd.it/7r7SDf,5,,netflix,2024-09-29
2024-09-30,The Adjustment Bureau,2011,https://boxd.it/7rgNtR,5,,netflix,2024-09-29
2024-10-01,Reality+,2014,https://boxd.it/7rymz5,5,,mubi,2024-09-30
2024-10-01,Revenge,2017,https://boxd.it/7rKAXz,5,Yes,mubi,2024-09-30
2024-10-03,City of the Living Dead,1980,https://boxd.it/7snzKH,3,,alamo,2024-10-01
2024-10-03,Will & Harper,2024,https://boxd.it/7szuXl,5,,netflix,2024-10-02
2024-10-03,Uglies,2024,https://boxd.it/7szvld,3,,netflix,2024-10-02
2024-10-03,In Time,2011,https://boxd.it/7sDwM3,4,,hulu,2024-10-02
2024-10-04,Never Let Go,2024,https://boxd.it/7sVMIn,3.5,,"kerrigan, theater, regal",2024-10-03
2024-10-04,Double Date,2020,https://boxd.it/7t4b5B,5,,,2024-10-03
2024-10-05,Megalopolis,2024,https://boxd.it/7ttS71,2,,"theater, regal",2024-10-04
2024-10-05,The Beast,2023,https://boxd.it/7twzjN,4.5,,criterion,2024-10-04
2024-10-05,Evil Does Not Exist,2023,https://boxd.it/7tzJ5d,4,,criterion,2024-10-04
2024-10-07,Strange Darling,2023,https://boxd.it/7uhFhH,4,,,2024-10-05
2024-10-07,Goodnight Mommy,2014,https://boxd.it/7ur3lr,4,,mubi,2024-10-06
2024-10-07,My Old Ass,2024,https://boxd.it/7uz70t,4,,"theater, regal",2024-10-06
2024-10-07,Rabid,1977,https://boxd.it/7uz7H3,3.5,,criterion,2024-10-06
2024-10-07,It Follows,2014,https://boxd.it/7uFAgn,4.5,Yes,"peacock, kerrigan",2024-10-06
2024-10-07,The Visit,2015,https://boxd.it/7uIyUL,4,,"kerrigan, max",2024-10-06
2024-10-08,Terrifier,2016,https://boxd.it/7uUUgH,4,Yes,peacock,2024-10-07
2024-10-08,Terrifier 2,2022,https://boxd.it/7v4rId,5,Yes,prime,2024-10-07
2024-10-08,Sometimes I Think About Dying,2023,https://boxd.it/7vbz7X,3.5,,mubi,2024-10-07
2024-10-09,Smile,2022,https://boxd.it/7vDygZ,4,Yes,"blu-ray, kerrigan",2024-10-08
2024-10-10,Joker: Folie à Deux,2024,https://boxd.it/7w3LIf,4,,"theater, regal",2024-10-09
2024-10-11,Terrifier 3,2024,https://boxd.it/7wuuCt,5,,"theater, frida",2024-10-10
2024-10-12,Tahara,2020,https://boxd.it/7wTp2F,4,,mubi,2024-10-11
2024-10-12,Saturday Night,2024,https://boxd.it/7wY0NV,5,,"theater, regal",2024-10-11
2024-10-13,Guns Akimbo,2019,https://boxd.it/7xkiJV,3.5,,peacock,2024-10-12
2024-10-13,Ready or Not,2019,https://boxd.it/7xyfdF,5,Yes,theater,2024-10-12
2024-10-14,Next Goal Wins,2023,https://boxd.it/7y1iZv,3,,hulu,2024-10-13
2024-10-14,Gretel & Hansel,2020,https://boxd.it/7y4xFB,4,,pluto,2024-10-13
2024-10-14,Popstar: Never Stop Never Stopping,2016,https://boxd.it/7y8h0b,4,Yes,pluto,2024-10-13
2024-10-14,Speak No Evil,2024,https://boxd.it/7ycHh1,3,,"theater, kerrigan, regal",2024-10-13
2024-10-15,Frenzy,1972,https://boxd.it/7yFxnr,4,,"theater, frida",2024-10-14
2024-10-16,The Voyeurs,2021,https://boxd.it/7z60E9,4,,prime,2024-10-15
2024-10-16,Hard Candy,2005,https://boxd.it/7z6oxr,5,,prime,2024-10-15
2024-10-17,Black Swan,2010,https://boxd.it/7zxluX,5,Yes,"theater, kerrigan, frida",2024-10-16
2024-10-17,Portal: No Escape,2011,https://boxd.it/7zA9Lj,4,,youtube,2024-10-16
2024-10-18,Anon,2018,https://boxd.it/7zXL57,3.5,,netflix,2024-10-17
2024-10-19,The Exorcist,1973,https://boxd.it/7Ab4Jr,5,Yes,"theater, frida, kerrigan",2024-10-17
2024-10-19,Deadstream,2022,https://boxd.it/7Ab4jt,3.5,,shudder,2024-10-18
2024-10-19,V/H/S,2012,https://boxd.it/7AwoX1,3,,peacock,2024-10-18
2024-10-20,Ghostwatch,1992,https://boxd.it/7AUIs1,4,,"theater, frida, camp frida",2024-10-19
2024-10-20,Kill List,2011,https://boxd.it/7AYw8B,4,,"theater, frida, camp frida",2024-10-19
2024-10-20,The Descent,2005,https://boxd.it/7B2ADB,4,,"theater, frida, camp frida",2024-10-19
2024-10-20,28 Days Later,2002,https://boxd.it/7B6S8T,5,Yes,"theater, frida, camp frida",2024-10-19
2024-10-20,Dracula,1958,https://boxd.it/7B8Wmp,3,,"theater, frida, camp frida",2024-10-19
2024-10-20,Dog Soldiers,2002,https://boxd.it/7BaVqJ,3.5,,"theater, frida, camp frida",2024-10-19
2024-10-21,The Valet,2022,https://boxd.it/7Brpzt,4,,hulu,2024-10-20
2024-10-21,The Babadook,2014,https://boxd.it/7BJXtv,5,Yes,"netflix, kerrigan",2024-10-20
2024-10-22,Woman of the Hour,2023,https://boxd.it/7C9Cjh,5,,netflix,2024-10-21
2024-10-22,Godzilla,2014,https://boxd.it/7Chy3b,2,,"theater, frida, kerrigan",2024-10-21
2024-10-23,The Vourdalak,2023,https://boxd.it/7CEdNj,4,,"theater, kerrigan, frida",2024-10-22
2024-10-23,Hocus Pocus,1993,https://boxd.it/7CISIH,4,Yes,"theater, kerrigan, frida",2024-10-22
2024-10-24,Night of the Demon,1957,https://boxd.it/7Davsd,4,,"frida, theater, kerrigan",2024-10-23
2024-10-25,Gerald's Game,2017,https://boxd.it/7Dviwt,5,,netflix,2024-10-24
2024-10-25,The Fall,2006,https://boxd.it/7DDgMl,5,Yes,"theater, frida, kerrigan",2024-10-24
2024-10-26,Follow Her,2022,https://boxd.it/7DMaI1,3,,prime,2024-10-25
2024-10-27,The Mummy,1999,https://boxd.it/7EHrY5,4,Yes,"theater, frida, kerrigan",2024-10-25
2024-10-27,Fright Night,1985,https://boxd.it/7EHsTF,3,,"theater, frida, kerrigan, horrorbuzz",2024-10-26
2024-10-28,Spider-Man: Across the Spider-Verse,2023,https://boxd.it/7FbKv7,5,Yes,"theater, kerrigan, Segerstrom",2024-10-27
2024-10-28,A Different Man,2024,https://boxd.it/7Fl9jD,4,,"theater, frida",2024-10-27
2024-10-29,Night of the Living Dead,1968,https://boxd.it/7FRbSp,4,,"theater, frida, kerrigan, 16mm, see it on 16mm",2024-10-28
2024-10-30,Smile 2,2024,https://boxd.it/7Gj6eb,4,,"theater, regal, kerrigan",2024-10-29
2024-10-30,Foxwood,2017,https://boxd.it/7GkeTt,5,,youtube,2024-10-29
2024-10-30,The Vicious,2019,https://boxd.it/7GkuGb,5,,youtube,2024-10-29
2024-10-30,Prefigured,2019,https://boxd.it/7GkFDR,5,,youtube,2024-10-29
2024-10-31,The Buildout,2023,https://boxd.it/7GDOBt,4,,,2024-10-30
2024-11-01,It's What's Inside,2024,https://boxd.it/7HjZPb,5,,netflix,2024-10-31
2024-11-04,Halloween,1978,https://boxd.it/7IQQg7,5,Yes,"theater, kerrigan, frida",2024-11-01
2024-11-04,Shaun of the Dead,2004,https://boxd.it/7IQRiN,5,Yes,"theater, frida, kerrigan",2024-11-02
2024-11-05,Mulholland Drive,2001,https://boxd.it/7JmB6l,5,Yes,"theater, frida, kerrigan",2024-11-03
2024-11-08,A Nightmare on Elm Street,1984,https://boxd.it/7KBvkF,4,Yes,"theater, frida, kerrigan",2024-11-06
2024-11-09,Scream,1996,https://boxd.it/7Loxzl,4,Yes,"theater, frida, kerrigan, 16mm, see it on 16mm",2024-11-07
2024-11-09,Anora,2024,https://boxd.it/7Low3D,5,,"theater, frida",2024-11-08
2024-11-12,We Live in Time,2024,https://boxd.it/7N4u1X,5,,"theater, alamo",2024-11-11
2024-11-12,Heretic,2024,https://boxd.it/7N7StH,5,,"theater, alamo",2024-11-11
2024-11-15,Troll 2,1990,https://boxd.it/7Om1cR,3,,"theater, alamo",2024-11-12
2024-11-15,Crawlspace,1986,https://boxd.it/7Om2jp,4,,"theater, alamo",2024-11-13
2024-11-17,The Big Lebowski,1998,https://boxd.it/7PblUh,5,Yes,"theater, kerrigan, frida",2024-11-15
2024-11-17,Child's Play,1988,https://boxd.it/7PlMCp,4,Yes,"theater, kerrigan, frida",2024-11-16
2024-11-17,Child's Play 2,1990,https://boxd.it/7PlN3b,4,,"theater, kerrigan, frida",2024-11-16
2024-11-17,Child's Play 3,1991,https://boxd.it/7PpFyX,4,,"theater, kerrigan, frida",2024-11-16
2024-11-17,Bride of Chucky,1998,https://boxd.it/7Pu7h9,4,,"theater, kerrigan, frida",2024-11-16
2024-11-18,Seed of Chucky,2004,https://boxd.it/7PJHDb,4,,"theater, kerrigan, frida",2024-11-16
2024-11-18,Spaceballs,1987,https://boxd.it/7Q3lCP,5,Yes,"theater, kerrigan, frida, 16mm, see it on 16mm",2024-11-17
2024-11-21,Who Framed Roger Rabbit,1988,https://boxd.it/7R9PMB,5,Yes,"theater, kerrigan, frida",2024-11-18
2024-11-27,The Philadelphia Story,1940,https://boxd.it/7Uy1jV,4,,"kerrigan, blu-ray",2024-11-26
2024-11-30,Pulp Fiction,1994,https://boxd.it/7W0WWZ,5,Yes,"theater, frida",2024-11-29
2024-12-03,The Cell,2000,https://boxd.it/7XIx2f,5,Yes,"theater, frida",2024-11-29
2024-12-03,Gladiator II,2024,https://boxd.it/7XIwnr,3.5,,"theater, kerrigan, regal",2024-12-01
2024-12-03,2001: A Space Odyssey,1968,https://boxd.it/7XIxhT,5,Yes,"theater, frida, kerrigan",2024-12-02
2024-12-07,Orphan,2009,https://boxd.it/7ZsmE9,4,Yes,"kerrigan, blu-ray",2024-12-04
2024-12-07,Paths of Glory,1957,https://boxd.it/7ZsmXb,4,,"theater, frida",2024-12-05
2024-12-07,Interstellar,2014,https://boxd.it/7Zsnjh,5,Yes,"theater, regal, 70mm, imax",2024-12-06
2024-12-11,Full Metal Jacket,1987,https://boxd.it/81yG5X,5,Yes,"theater, frida",2024-12-10
2024-12-11,Y2K,2024,https://boxd.it/81yHSL,5,,"theater, frida",2024-12-10
2024-12-14,Friday the 13th,1980,https://boxd.it/82YT6b,3,Yes,"theater, kerrigan, frida",2024-12-13
2024-12-16,Close Encounters of the Third Kind,1977,https://boxd.it/83Lx6h,4,,"theater, frida, kerrigan",2024-12-14
2024-12-16,Gremlins,1984,https://boxd.it/83LxzX,4,Yes,"theater, frida, kerrigan",2024-12-14
2024-12-16,The Princess Diaries,2001,https://boxd.it/83Ly1R,4,Yes,"theater, frida, kerrigan",2024-12-14
2024-12-16,Dumb and Dumber,1994,https://boxd.it/848hiH,5,Yes,"theater, kerrigan, frida",2024-12-15
2024-12-23,Dr. Strangelove or: How I Learned to Stop Worrying and Love the Bomb,1964,https://boxd.it/883iRf,5,Yes,"theater, kerrigan, frida",2024-12-18
2024-12-23,The Shining,1980,https://boxd.it/883jWZ,5,Yes,"theater, kerrigan, frida",2024-12-21
2024-12-23,The World According to Garp,1982,https://boxd.it/883kvF,3.5,,"theater, frida",2024-12-22
2024-12-23,Eyes Wide Shut,1999,https://boxd.it/88hRhp,5,Yes,"theater, frida",2024-12-22
2024-12-24,Elf,2003,https://boxd.it/890daX,4,Yes,"kerrigan, max",2024-12-23
2024-12-24,Four Christmases,2008,https://boxd.it/890dv7,3,Yes,"kerrigan, max",2024-12-23
2024-12-25,A Christmas Story,1983,https://boxd.it/89yq7b,5,Yes,"kerrigan, digital",2024-12-24
2024-12-25,Krampus,2015,https://boxd.it/89GzFR,4,,"kerrigan, max",2024-12-24
2024-12-25,8-Bit Christmas,2021,https://boxd.it/89JBJR,4,Yes,max,2024-12-24
2024-12-28,A Bad Moms Christmas,2017,https://boxd.it/8cms6x,4,Yes,max,2024-12-24
2024-12-26,The Wizard of Oz,1939,https://boxd.it/8al3dX,5,Yes,"kerrigan, max",2024-12-25
2024-12-26,Die Hard,1988,https://boxd.it/8ay2it,5,Yes,"kerrigan, digital",2024-12-25
2024-12-27,Violent Night,2022,https://boxd.it/8bt6Fb,4,Yes,"kerrigan, starz",2024-12-26
2024-12-28,Raising Arizona,1987,https://boxd.it/8c8xpV,5,Yes,criterion,2024-12-27
2024-12-29,Nutcrackers,2024,https://boxd.it/8cJr39,4,,hulu,2024-12-28
2024-12-29,Jingle All the Way,1996,https://boxd.it/8cOguj,3,Yes,hulu,2024-12-28
2024-12-29,Just Friends,2005,https://boxd.it/8cW0MH,3.5,Yes,hulu,2024-12-28
2024-12-29,Clerks III,2022,https://boxd.it/8d115T,5,,peacock,2024-12-28
2024-12-29,Jay and Silent Bob Reboot,2019,https://boxd.it/8dai8X,4,,prime,2024-12-28
2024-12-29,Uncle Buck,1989,https://boxd.it/8dfbhD,4,Yes,prime,2024-12-28
2024-12-30,Dont Look Back,1967,https://boxd.it/8dK6NV,4,,criterion,2024-12-29
2024-12-30,Carry-On,2024,https://boxd.it/8dT9fF,3.5,,netflix,2024-12-29
2024-12-30,Love Hard,2021,https://boxd.it/8ehycT,4,Yes,netflix,2024-12-29
2024-12-31,The Family Man,2000,https://boxd.it/8fdgJh,4,Yes,netflix,2024-12-30
2025-01-03,Sleepaway Camp,1983,https://boxd.it/8i5lF1,5,Yes,"theater, kerrigan, frida",2025-01-02
2025-01-04,Nosferatu,2024,https://boxd.it/8iRh9r,5,,"theater, kerrigan, frida",2025-01-03
2025-01-07,Wicked,2024,https://boxd.it/8m6lqt,5,,"theater, kerrigan, regal",2025-01-05
2025-01-09,Snack Shack,2024,https://boxd.it/8nXMOx,5,,prime,2025-01-08
2025-01-10,It Ends with Us,2024,https://boxd.it/8p81LH,3,,netflix,2025-01-08
2025-01-11,Palindromes,2004,https://boxd.it/8qlrDJ,4,,"theater, frida",2025-01-10
2025-01-12,The Lord of the Rings: The Fellowship of the Ring,2001,https://boxd.it/8rfIHb,5,Yes,"theater, frida",2025-01-11
2025-01-12,The Lord of the Rings: The Two Towers,2002,https://boxd.it/8rfKz9,5,Yes,"theater, frida",2025-01-11
2025-01-12,The Lord of the Rings: The Return of the King,2003,https://boxd.it/8rs8K5,5,Yes,"theater, frida",2025-01-11
2025-01-13,Dragonslayer,1981,https://boxd.it/8smQ3r,3,,"theater, kerrigan, frida",2025-01-12
2025-01-13,The Making of '...And God Spoke',1993,https://boxd.it/8smRcT,5,,"theater, kerrigan, frida",2025-01-12
2025-01-15,The Brutalist,2024,https://boxd.it/8tx2zX,5,,"theater, regal, imax",2025-01-13
2025-01-16,Stray Dog,1949,https://boxd.it/8ujlNZ,4,,"theater, frida",2025-01-14
2025-01-16,The Bad Sleep Well,1960,https://boxd.it/8ujmcv,4,,"theater, frida",2025-01-14
2025-01-16,Vox Lux,2018,https://boxd.it/8uKiiD,4,,tubi,2025-01-15
2025-01-17,Rap World,2024,https://boxd.it/8vpQEF,4,,"theater, frida",2025-01-16
2025-01-18,Short Night of Glass Dolls,1971,https://boxd.it/8w9klt,3,,"theater, frida",2025-01-17
2025-01-22,Conan the Barbarian,1982,https://boxd.it/8ztMpb,3,,"theater, frida",2025-01-19
2025-01-21,The Substance,2024,https://boxd.it/8yIF5p,5,Yes,"theater, frida, kerrigan",2025-01-20
2025-01-22,Krull,1983,https://boxd.it/8ztNN9,4,,"theater, frida, kerrigan",2025-01-21
2025-01-23,The Big Sleep,1946,https://boxd.it/8AahKN,4,,"theater, frida, kerrigan",2025-01-22
2025-01-25,Anora,2024,https://boxd.it/8BsXqP,5,Yes,"theater, frida",2025-01-24
2025-01-26,Inland Empire,2006,https://boxd.it/8CaNQB,5,,"theater, frida",2025-01-24
2025-01-28,Tank Girl,1995,https://boxd.it/8Ec0Wd,4,,"theater, kerrigan, frida",2025-01-27
2025-01-31,Cannibal! The Musical,1993,https://boxd.it/8Gccwp,4,,"theater, frida, kerrigan",2025-01-29
2025-01-31,The Wages of Fear,1953,https://boxd.it/8GccNl,5,,"theater, frida, kerrigan",2025-01-30
2025-02-03,Flow,2024,https://boxd.it/8HYndt,5,,"theater, frida, kerrigan",2025-02-01
2025-02-03,Eraserhead,1977,https://boxd.it/8HYoon,5,Yes,"theater, frida, kerrigan",2025-02-01
2025-02-04,La La Land,2016,https://boxd.it/8Jef5R,5,Yes,"theater, frida",2025-02-03
2025-02-08,The Brutalist,2024,https://boxd.it/8LdlP3,5,Yes,"thea, frida",2025-02-06
2025-02-08,Stop Making Sense,1984,https://boxd.it/8LDkYZ,5,Yes,"theater, frida, kerrigan",2025-02-07
2025-02-09,Casablanca,1942,https://boxd.it/8Misyx,5,,"theater, frida",2025-02-08
2025-02-09,The Umbrellas of Cherbourg,1964,https://boxd.it/8MivBJ,5,,"theater, frida",2025-02-08
2025-02-09,Queer,2024,https://boxd.it/8MtcfB,3.5,,"theater, frida",2025-02-08
2025-02-09,Blue Velvet,1986,https://boxd.it/8Mtdbb,5,Yes,"theater, frida",2025-02-08
2025-02-10,Vamps,2012,https://boxd.it/8Naigh,4,,prime,2025-02-09
2025-02-11,Not Quite Human,1987,https://boxd.it/8NpNCN,3,Yes,youtube,2025-02-10
2025-02-11,Open Windows,2014,https://boxd.it/8NvuI5,3.5,,peacock,2025-02-10
2025-02-11,View from the Top,2003,https://boxd.it/8NDszV,3,Yes,pluto,2025-02-10
2025-02-11,Dumplin',2018,https://boxd.it/8NLk2Z,4,,netflix,2025-02-10
2025-02-12,Hooking Up,2020,https://boxd.it/8NZIg5,4,,paramount+,2025-02-11
2025-02-12,The Late Bloomer,2016,https://boxd.it/8O4iJF,3,Yes,prime,2025-02-11
2025-02-12,Someone Great,2019,https://boxd.it/8O9rLv,3.5,Yes,netflix,2025-02-11
2025-02-12,Boy Kills World,2023,https://boxd.it/8Ocz7z,3,,hulu,2025-02-11
