Date,Name,Year,Letterboxd URI,Rating
2022-06-06,Crimes of the Future,2022,https://boxd.it/uTuY,5
2023-03-09,The Outwaters,2022,https://boxd.it/sgjS,2.5
2023-03-09,Blow Out,1981,https://boxd.it/1TlE,3
2023-03-10,Scream 3,2000,https://boxd.it/24Ei,2.5
2023-03-10,Saint Maud,2019,https://boxd.it/l8QA,4
2023-03-11,Scream 4,2011,https://boxd.it/Zmc,3
2023-03-11,Scream 2,1997,https://boxd.it/24Es,2.5
2023-03-11,Scream,2022,https://boxd.it/o0lg,3.5
2023-03-11,Creed,2015,https://boxd.it/a2qk,3.5
2023-03-11,Creed II,2018,https://boxd.it/hgl8,3.5
2023-03-11,Snowpiercer,2013,https://boxd.it/3Icg,3.5
2023-03-11,Jodorowsky's Dune,2013,https://boxd.it/5MP6,3.5
2023-03-11,Climax,2018,https://boxd.it/ikvo,3
2023-03-12,Get Out,2017,https://boxd.it/eOCm,5
2023-03-13,Dazed and Confused,1993,https://boxd.it/1Ylk,3
2023-03-13,Creed III,2023,https://boxd.it/pf68,3
2023-03-14,Obsession,1976,https://boxd.it/23QM,4
2023-03-14,Triangle of Sadness,2022,https://boxd.it/hXlq,2.5
2023-03-15,The Sixth Sense,1999,https://boxd.it/29Js,3.5
2023-03-15,Do the Right Thing,1989,https://boxd.it/29gA,5
2023-03-15,Raging Bull,1980,https://boxd.it/28yI,3
2023-03-16,The Sadness,2021,https://boxd.it/tcHe,3
2023-03-16,A Ghost Story,2017,https://boxd.it/fb0K,4
2023-03-16,Everything Everywhere All at Once,2022,https://boxd.it/jUk4,5
2023-03-16,But I'm a Cheerleader,1999,https://boxd.it/1CW4,5
2023-03-16,Uncut Gems,2019,https://boxd.it/gXGc,4
2023-03-17,GoodFellas,1990,https://boxd.it/29FA,4
2023-03-17,Sleepless in Seattle,1993,https://boxd.it/29re,3.5
2023-03-17,Malevolent,2018,https://boxd.it/hijI,2.5
2023-03-17,Hypnotic,2021,https://boxd.it/wFPM,3
2023-03-17,Party Girl,1995,https://boxd.it/1b7e,4
2023-03-18,The Proposal,2009,https://boxd.it/1HiS,4
2023-03-18,The Brothers Bloom,2008,https://boxd.it/1Bqm,4
2023-03-19,Shazam! Fury of the Gods,2023,https://boxd.it/lV0S,3
2023-03-21,Sick,2022,https://boxd.it/vgBI,2
2023-03-22,"4 Months, 3 Weeks and 2 Days",2007,https://boxd.it/27DW,4
2023-03-23,Guardians of the Galaxy,2014,https://boxd.it/3VH2,3
2023-03-23,The Lighthouse,2019,https://boxd.it/icFU,3.5
2023-03-23,Guardians of the Galaxy Vol. 2,2017,https://boxd.it/8MxC,4
2023-03-23,The Lost City,2022,https://boxd.it/sg0Q,2
2023-03-24,Portrait of a Lady on Fire,2019,https://boxd.it/jkPq,5
2023-03-25,A Good Person,2023,https://boxd.it/u8sw,3.5
2023-03-26,John Wick: Chapter 4,2023,https://boxd.it/mh48,3.5
2023-03-27,The Daytrippers,1996,https://boxd.it/F9i,4
2023-03-27,Drive,2011,https://boxd.it/IG,5
2023-03-27,Pearl,2022,https://boxd.it/zPbe,5
2023-03-27,X,2022,https://boxd.it/sxVa,4
2023-03-27,Suspiria,2018,https://boxd.it/cioI,4
2023-03-29,Police Story,1985,https://boxd.it/1Zhe,3.5
2023-03-29,Pitch Perfect,2012,https://boxd.it/3OsE,4
2023-03-29,Pitch Perfect 2,2015,https://boxd.it/7tNa,2.5
2023-03-30,Police Story 2,1988,https://boxd.it/1VtU,2.5
2023-03-30,"Yes, Madam!",1985,https://boxd.it/13EE,2
2023-03-30,Amadeus,1984,https://boxd.it/2aH8,5
2023-03-31,It Follows,2014,https://boxd.it/87wo,4.5
2023-04-01,Cam,2018,https://boxd.it/iWvG,2.5
2023-04-01,Enys Men,2022,https://boxd.it/rM0m,4
2023-04-01,Eraserhead,1977,https://boxd.it/299u,5
2023-04-02,Pitch Perfect 3,2017,https://boxd.it/bUre,2
2023-04-02,The Invitation,2015,https://boxd.it/9OUU,3
2023-04-02,Malum,2023,https://boxd.it/FoFy,3
2023-04-03,"Crouching Tiger, Hidden Dragon",2000,https://boxd.it/2b1M,4
2023-04-03,Eastern Promises,2007,https://boxd.it/275q,3.5
2023-04-03,Police Story 3: Super Cop,1992,https://boxd.it/1Uyk,4
2023-04-03,Lamb,2021,https://boxd.it/tFwE,3
2023-04-04,Funny Games,1997,https://boxd.it/1WKM,4
2023-04-05,After Yang,2021,https://boxd.it/lx5a,4
2023-04-05,Oldboy,2013,https://boxd.it/35AS,2.5
2023-04-06,Air,2023,https://boxd.it/Arlc,4
2023-04-06,The Wicker Man,1973,https://boxd.it/1KnG,3
2023-04-07,The Stepford Wives,1975,https://boxd.it/1Sfq,2.5
2023-04-07,Dungeons & Dragons: Honor Among Thieves,2023,https://boxd.it/hN1A,3.5
2023-04-07,Krisha,2015,https://boxd.it/ax4E,3
2023-04-09,De Palma,2015,https://boxd.it/bZDk,4
2023-04-10,Murder Mystery 2,2023,https://boxd.it/nHOo,2.5
2023-04-11,The Five Devils,2022,https://boxd.it/uVsA,3.5
2023-04-13,The Green Knight,2021,https://boxd.it/kuy2,4
2023-04-13,The Human Centipede (First Sequence),2009,https://boxd.it/18Tu,1
2023-04-13,Would You Rather,2012,https://boxd.it/3m0W,2
2023-04-14,Speed,1994,https://boxd.it/28qk,3
2023-04-14,The Human Centipede 3 (Final Sequence),2015,https://boxd.it/3hRc,1
2023-04-14,The Human Centipede 2 (Full Sequence),2011,https://boxd.it/2yqg,1
2023-04-14,Nymphomaniac: Vol. I,2013,https://boxd.it/7DiG,4
2023-04-15,Nymphomaniac: Vol. II,2013,https://boxd.it/7j9Y,4
2023-04-15,Marrowbone,2017,https://boxd.it/dZVC,4
2023-04-15,eXistenZ,1999,https://boxd.it/27Ni,3.5
2023-04-15,Emma.,2020,https://boxd.it/kmg0,4
2023-04-16,Marathon Man,1976,https://boxd.it/1W4c,3
2023-04-16,The General,1926,https://boxd.it/29co,3
2023-04-16,In Fabric,2018,https://boxd.it/h2sY,3.5
2023-04-16,Bros,2022,https://boxd.it/mJZw,3.5
2023-04-16,The Unbearable Weight of Massive Talent,2022,https://boxd.it/o6eK,3.5
2023-04-16,mother!,2017,https://boxd.it/dgRU,5
2023-04-17,Stalker,1979,https://boxd.it/28PO,3
2023-04-17,Enemy,2013,https://boxd.it/5xtO,4
2023-04-18,Pillow Talk,1959,https://boxd.it/23AE,2
2023-04-19,Midsommar,2019,https://boxd.it/jhxe,5
2023-04-19,Room 237,2012,https://boxd.it/2Y46,1
2023-04-20,Renfield,2023,https://boxd.it/o8vy,2.5
2023-04-20,The Pope's Exorcist,2023,https://boxd.it/stZ8,2
2023-04-21,Beau Is Afraid,2023,https://boxd.it/u2gE,5
2023-04-22,Attack of the Doc!,2023,https://boxd.it/C71g,3
2023-04-23,Evil Dead II,1987,https://boxd.it/29Ge,2.5
2023-04-23,Army of Darkness,1992,https://boxd.it/29G4,3
2023-04-24,Evil Dead,2013,https://boxd.it/3GPq,1.5
2023-04-24,Nausicaä of the Valley of the Wind,1984,https://boxd.it/2bc6,3.5
2023-04-24,Hereditary,2018,https://boxd.it/hNVe,5
2023-04-24,Dogville,2003,https://boxd.it/2a8W,4
2023-04-25,Suzume,2022,https://boxd.it/yv7Y,4
2023-04-26,The Five Obstructions,2003,https://boxd.it/1RWy,3.5
2023-04-28,The Super Mario Bros. Movie,2023,https://boxd.it/i8C8,2.5
2023-04-28,How It Ends,2021,https://boxd.it/tblm,3.5
2023-04-29,Evil Dead Rise,2023,https://boxd.it/qIvo,3
2023-04-30,Polite Society,2023,https://boxd.it/AU9u,4
2023-05-01,Weathering with You,2019,https://boxd.it/kPxE,3.5
2023-05-01,Flashdance,1983,https://boxd.it/2abG,3
2023-05-03,The Naked Gun: From the Files of Police Squad!,1988,https://boxd.it/18YE,2
2023-05-03,Sisu,2022,https://boxd.it/vHpu,3
2023-05-03,Bend It Like Beckham,2002,https://boxd.it/2am0,4
2023-05-04,The Serpent and the Rainbow,1988,https://boxd.it/1THA,3
2023-05-04,The Dead Zone,1983,https://boxd.it/1U6g,3
2023-05-06,A Quiet Place Part II,2020,https://boxd.it/iTx0,2
2023-05-08,Guardians of the Galaxy Vol. 3,2023,https://boxd.it/fVNI,3.5
2023-05-08,Guy Ritchie's The Covenant,2023,https://boxd.it/xjcK,3
2023-05-09,Champions,2023,https://boxd.it/zbna,3
2023-05-10,Heat,1995,https://boxd.it/2bg8,4
2023-05-11,The Woman in the Window,2021,https://boxd.it/iT56,2
2023-05-12,"Are You There God? It's Me, Margaret.",2023,https://boxd.it/kiYC,5
2023-05-12,Tower Heist,2011,https://boxd.it/iQI,2.5
2023-05-13,Manhunter,1986,https://boxd.it/1TOw,4
2023-05-14,Good Time,2017,https://boxd.it/fcFu,3.5
2023-05-15,I'm Still Here,2010,https://boxd.it/TcK,2.5
2023-05-16,Red Dragon,2002,https://boxd.it/1Yrs,2.5
2023-05-16,Tootsie,1982,https://boxd.it/1YkG,4
2023-05-17,Spy Kids,2001,https://boxd.it/1Xcw,2
2023-05-17,The Lifeguard,2013,https://boxd.it/4VS2,3
2023-05-18,Don't Look Now,1973,https://boxd.it/29fC,4
2023-05-19,The Wizard,1989,https://boxd.it/2aVY,4
2023-05-21,Fool's Paradise,2023,https://boxd.it/kdC2,4
2023-05-21,BlackBerry,2023,https://boxd.it/CoVK,4
2023-05-23,Birdman or (The Unexpected Virtue of Ignorance),2014,https://boxd.it/5RFA,5
2023-05-23,Missing,2023,https://boxd.it/sS1W,4
2023-05-24,Slums of Beverly Hills,1998,https://boxd.it/1NCO,4
2023-05-25,Consecration,2023,https://boxd.it/xn4q,3
2023-05-26,Rare Exports: A Christmas Tale,2010,https://boxd.it/IyU,2
2023-05-27,The Last House on the Left,2009,https://boxd.it/1H2q,3
2023-05-27,The Red Shoes,1948,https://boxd.it/1EXI,5
2023-05-27,Black Narcissus,1947,https://boxd.it/1Kce,5
2023-05-27,The Shining,1980,https://boxd.it/29Nu,5
2023-05-27,Pan's Labyrinth,2006,https://boxd.it/28No,5
2023-05-28,The Little Mermaid,2023,https://boxd.it/fVum,1
2023-05-28,The Thief of Bagdad,1940,https://boxd.it/1Sei,4
2023-05-29,The Tales of Hoffmann,1951,https://boxd.it/Sds,4
2023-05-30,First Reformed,2017,https://boxd.it/go9C,4
2023-05-30,The Wind Rises,2013,https://boxd.it/4JQS,3
2023-05-31,The Card Counter,2021,https://boxd.it/nTH0,4
2023-05-31,Becky,2020,https://boxd.it/mcOg,4
2023-06-01,You Hurt My Feelings,2023,https://boxd.it/xBXu,4
2023-06-01,Hypnotic,2023,https://boxd.it/jwXw,2
2023-06-02,Fast X,2023,https://boxd.it/drIu,1.5
2023-06-03,The Wrath of Becky,2023,https://boxd.it/BfbG,4
2023-06-05,The Doom Generation,1995,https://boxd.it/1PVe,4
2023-06-05,Spider-Man: Across the Spider-Verse,2023,https://boxd.it/kSz4,5
2023-06-09,Sinister,2012,https://boxd.it/2TnW,3
2023-06-11,Mrs. Doubtfire,1993,https://boxd.it/29Cw,4
2023-06-11,The 40 Year Old Virgin,2005,https://boxd.it/21hK,4
2023-06-13,Bumblebee,2018,https://boxd.it/f21O,3.5
2023-06-17,Transformers: Rise of the Beasts,2023,https://boxd.it/oQTa,3
2023-06-19,Son of Godzilla,1967,https://boxd.it/1GAQ,2.5
2023-06-20,The Holy Mountain,1973,https://boxd.it/20mu,5
2023-06-20,El Topo,1970,https://boxd.it/1QYS,5
2023-06-20,Elemental,2023,https://boxd.it/ASiE,3.5
2023-06-21,The Blackening,2022,https://boxd.it/C6VM,3.5
2023-06-21,Past Lives,2023,https://boxd.it/oNB8,5
2023-06-22,May,2002,https://boxd.it/1V8M,3
2023-06-27,Asteroid City,2023,https://boxd.it/s3ds,5
2023-06-27,No Hard Feelings,2023,https://boxd.it/xouu,4
2023-06-29,Moon Garden,2022,https://boxd.it/ATQs,2
2023-07-03,Indiana Jones and the Dial of Destiny,2023,https://boxd.it/b8vM,3.5
2023-07-03,Jennifer's Body,2009,https://boxd.it/1Efw,4
2023-07-05,"Synecdoche, New York",2008,https://boxd.it/23zw,4
2023-07-08,Insidious: The Red Door,2023,https://boxd.it/mIIu,2.5
2023-07-08,I Love Ana,2021,https://boxd.it/AWk0,3.5
2023-07-10,Blade Runner 2049,2017,https://boxd.it/b8wK,4
2023-07-13,Mission: Impossible,1996,https://boxd.it/29d2,4
2023-07-13,Alien,1979,https://boxd.it/2awY,5
2023-07-13,August Rush,2007,https://boxd.it/23kQ,2.5
2023-07-14,Mission: Impossible – Dead Reckoning,2023,https://boxd.it/l7zS,3.5
2023-07-14,Mission: Impossible II,2000,https://boxd.it/29cS,2
2023-07-14,Mission: Impossible III,2006,https://boxd.it/29cI,2.5
2023-07-15,Mission: Impossible – Ghost Protocol,2011,https://boxd.it/psI,3
2023-07-16,Mission: Impossible – Rogue Nation,2015,https://boxd.it/5rI4,3
2023-07-19,Star Wars,1977,https://boxd.it/72s,4
2023-07-19,Clueless,1995,https://boxd.it/1Ygk,4.5
2023-07-19,Joy Ride,2023,https://boxd.it/wEeK,4.5
2023-07-19,Aliens,1986,https://boxd.it/29PA,4.5
2023-07-19,Indiana Jones and the Last Crusade,1989,https://boxd.it/2baO,4.5
2023-07-19,The Place Beyond the Pines,2012,https://boxd.it/3mDu,3.5
2023-07-20,Easy Living,1937,https://boxd.it/2NPq,2.5
2023-07-21,Bringing Up Baby,1938,https://boxd.it/29ks,4
2023-07-23,Barbie,2023,https://boxd.it/bCLK,5
2023-07-23,Rye Lane,2023,https://boxd.it/DIyy,4
2023-07-23,Theater Camp,2023,https://boxd.it/Bfbm,4
2023-07-23,The Empire Strikes Back,1980,https://boxd.it/27Vw,4.5
2023-07-24,Insidious: Chapter 3,2015,https://boxd.it/8BkM,2
2023-07-24,Daddy's Home,2015,https://boxd.it/8jSc,3
2023-07-24,Daddy's Home 2,2017,https://boxd.it/ePpI,2.5
2023-07-24,Regarding Henry,1991,https://boxd.it/1U1K,3
2023-07-25,Oppenheimer,2023,https://boxd.it/wUow,5
2023-07-25,The Boogeyman,2023,https://boxd.it/jnna,2.5
2023-07-25,Nanny,2022,https://boxd.it/vPHQ,4
2023-07-26,Wild at Heart,1990,https://boxd.it/2aii,4
2023-07-26,Lynch/Oz,2022,https://boxd.it/ArIK,3
2023-07-27,The Grandmother,1970,https://boxd.it/RMm,3
2023-07-27,Minority Report,2002,https://boxd.it/2aWi,3.5
2023-07-27,Air Force One,1997,https://boxd.it/1XQw,3
2023-07-28,Talk to Me,2022,https://boxd.it/C6uQ,4
2023-07-29,Return of the Jedi,1983,https://boxd.it/27Vm,4
2023-07-31,"Alice, Darling",2022,https://boxd.it/w5fS,4
2023-07-31,Searching,2018,https://boxd.it/hDPg,4
2023-07-31,Women Talking,2022,https://boxd.it/tdq4,5
2023-08-04,Titanic,1997,https://boxd.it/2a2k,4
2023-08-04,The Gray Man,2022,https://boxd.it/rb7q,3.5
2023-08-05,The Italian Job,2003,https://boxd.it/1Y86,4
2023-08-05,Free Willy,1993,https://boxd.it/28qO,2
2023-08-06,The Secret Life of Pets,2016,https://boxd.it/aJ5E,2.5
2023-08-06,Liar Liar,1997,https://boxd.it/28sg,2.5
2023-08-06,The Out-Laws,2023,https://boxd.it/yIoo,2.5
2023-08-06,Hook,1991,https://boxd.it/29nQ,4
2023-08-09,65,2023,https://boxd.it/qbus,3
2023-08-09,Birds of Prey (and the Fantabulous Emancipation of One Harley Quinn),2020,https://boxd.it/hSyO,4
2023-08-09,Casino Royale,2006,https://boxd.it/1alk,4
2023-08-09,Killer's Kiss,1955,https://boxd.it/1Xcc,3
2023-08-10,Haunted Mansion,2023,https://boxd.it/mOsi,3
2023-08-12,A Clockwork Orange,1971,https://boxd.it/2aVE,5
2023-08-16,Teenage Mutant Ninja Turtles: Mutant Mayhem,2023,https://boxd.it/mK0a,4
2023-08-17,The Bird with the Crystal Plumage,1970,https://boxd.it/1DDW,3
2023-08-19,Hedwig and the Angry Inch,2001,https://boxd.it/1Qfe,5
2023-08-23,Oldboy,2003,https://boxd.it/29R2,5
2023-08-27,Blue Beetle,2023,https://boxd.it/kJLq,3
2023-08-28,Aftersun,2022,https://boxd.it/Arw0,4
2023-08-29,Jurassic Park,1993,https://boxd.it/2aA2,5
2023-08-31,The Astrologer,1976,https://boxd.it/5uwU,2
2023-09-04,Bottoms,2023,https://boxd.it/uGf2,5
2023-09-04,Free Guy,2021,https://boxd.it/k8dm,4
2023-09-10,The Nun,2018,https://boxd.it/fBkw,2.5
2023-09-13,The Nun II,2023,https://boxd.it/AyRY,3
2023-09-18,Heart of Stone,2023,https://boxd.it/r91A,2.5
2023-09-18,Miss Congeniality,2000,https://boxd.it/28GM,3.5
2023-09-18,You Are So Not Invited to My Bat Mitzvah,2023,https://boxd.it/BMeI,4
2023-09-22,Chevalier,2022,https://boxd.it/uAOA,3
2023-09-22,Death on the Nile,2022,https://boxd.it/ifpg,3
2023-09-24,The Five-Year Engagement,2012,https://boxd.it/2oZU,4
2023-09-24,A Haunting in Venice,2023,https://boxd.it/zGdg,4
2023-09-24,The Babysitter: Killer Queen,2020,https://boxd.it/n4VA,4
2023-09-27,It Lives Inside,2023,https://boxd.it/CKzc,4
2023-09-27,It's Complicated,2009,https://boxd.it/1zUY,3
2023-09-30,The Creator,2023,https://boxd.it/oXWq,3.5
2023-10-01,The Equalizer,2014,https://boxd.it/4TUK,3
2023-10-01,The Equalizer 3,2023,https://boxd.it/yU54,3.5
2023-10-01,The Equalizer 2,2018,https://boxd.it/bAEW,3
2023-10-01,The Bone Collector,1999,https://boxd.it/1Yzw,2.5
2023-10-01,The Pelican Brief,1993,https://boxd.it/1Xt8,4
2023-10-02,Doctor Sleep,2019,https://boxd.it/i5vI,3
2023-10-02,The Beyond,1981,https://boxd.it/1FtY,2
2023-10-03,Phenomena,1985,https://boxd.it/1o4s,3
2023-10-03,Teen Witch,1989,https://boxd.it/1wcY,2.5
2023-10-04,The Innocents,2021,https://boxd.it/oAlc,4
2023-10-06,Eyes Without a Face,1960,https://boxd.it/1j9i,3
2023-10-06,Suspiria,1977,https://boxd.it/1SNW,5
2023-10-07,Trainwreck: Woodstock '99,2022,https://boxd.it/C4jc,2
2023-10-09,No One Will Save You,2023,https://boxd.it/uUO6,4
2023-10-09,Matriarch,2022,https://boxd.it/CJMO,2.5
2023-10-09,Dumb Money,2023,https://boxd.it/tNdU,3.5
2023-10-09,Stop Making Sense,1984,https://boxd.it/1ygo,5
2023-10-09,In the Mouth of Madness,1994,https://boxd.it/26vi,3
2023-10-10,Sneakers,1992,https://boxd.it/26VU,4
2023-10-12,Westworld,1973,https://boxd.it/26RS,3
2023-10-12,Dark City,1998,https://boxd.it/26uk,3.5
2023-10-12,Hot Tub Time Machine,2010,https://boxd.it/1zIS,4
2023-10-14,Deliver Us from Evil,2014,https://boxd.it/5B5G,2
2023-10-14,The Big Short,2015,https://boxd.it/ajZw,4
2023-10-15,The Exorcist III,1990,https://boxd.it/1Tum,3
2023-10-15,Fresh,2022,https://boxd.it/tCNi,3.5
2023-10-15,Totally Killer,2023,https://boxd.it/AOpG,4
2023-10-17,Margin Call,2011,https://boxd.it/CJ8,4
2023-10-17,Love at First Sight,2023,https://boxd.it/bUmS,4
2023-10-18,Sisters,1972,https://boxd.it/1AMc,4
2023-10-18,The Uninvited,2009,https://boxd.it/1OrW,3
2023-10-18,Dicks: The Musical,2023,https://boxd.it/zslg,4
2023-10-18,The Lair of the White Worm,1988,https://boxd.it/1U4u,3
2023-10-19,Dr. Caligari,1989,https://boxd.it/1cbG,2.5
2023-10-20,Vampires,1998,https://boxd.it/1XsY,3
2023-10-21,Death Note,2017,https://boxd.it/bOS4,3
2023-10-21,Monstrous,2022,https://boxd.it/uz84,3
2023-10-21,When a Stranger Calls,1979,https://boxd.it/OhK,2.5
2023-10-21,Strange Days,1995,https://boxd.it/2aGO,3.5
2023-10-21,When a Stranger Calls Back,1993,https://boxd.it/1l5i,3
2023-10-22,Promising Young Woman,2020,https://boxd.it/loRE,5
2023-10-22,Source Code,2011,https://boxd.it/fdo,3
2023-10-22,What If,2013,https://boxd.it/6ljk,4
2023-10-22,I Care a Lot,2020,https://boxd.it/mcHk,3.5
2023-10-23,Pledge,2018,https://boxd.it/jhak,2
2023-10-23,Still/Born,2017,https://boxd.it/feu4,3
2023-10-24,The Lost Boys,1987,https://boxd.it/28DI,3.5
2023-10-24,Bug,2006,https://boxd.it/1RN2,4
2023-10-25,Drag Me to Hell,2009,https://boxd.it/1Jzw,4
2023-10-25,The Offering,2022,https://boxd.it/A5Em,2
2023-10-25,Abandoned,2022,https://boxd.it/xeWe,2
2023-10-26,Beetlejuice,1988,https://boxd.it/24QI,4
2023-10-27,Shredder Orpheus,1990,https://boxd.it/4OSa,3
2023-10-30,Sister Death,2023,https://boxd.it/A4Bc,2.5
2023-10-30,Five Nights at Freddy's,2023,https://boxd.it/ikHu,2.5
2023-10-31,Cobweb,2023,https://boxd.it/qywG,2.5
2023-10-31,The Empty Man,2020,https://boxd.it/iIWS,3
2023-11-01,You Are Not My Mother,2021,https://boxd.it/sYCO,3
2023-11-02,The Firm,1993,https://boxd.it/18JY,4
2023-11-03,Long Shot,2019,https://boxd.it/grG0,4
2023-11-03,Role Models,2008,https://boxd.it/1MmK,3
2023-11-04,Get Him to the Greek,2010,https://boxd.it/1gyk,5
2023-11-04,Sex Tape,2014,https://boxd.it/6FRG,3
2023-11-04,Don't Worry Darling,2022,https://boxd.it/mViu,3
2023-11-05,The Change-Up,2011,https://boxd.it/FRu,3
2023-11-05,Lucy,2014,https://boxd.it/75hu,2.5
2023-11-05,Ava,2020,https://boxd.it/jFH8,2.5
2023-11-05,Whiplash,2014,https://boxd.it/7bQA,4
2023-11-05,The Mummy,2017,https://boxd.it/8HnW,2
2023-11-05,Downsizing,2017,https://boxd.it/9Ajq,5
2023-11-06,13 Going on 30,2004,https://boxd.it/1X6e,5
2023-11-06,Ted,2012,https://boxd.it/2pgc,3.5
2023-11-06,Ted 2,2015,https://boxd.it/6oCY,3
2023-11-07,Killers of the Flower Moon,2023,https://boxd.it/gHp0,5
2023-11-08,M3GAN,2022,https://boxd.it/jxmG,3.5
2023-11-10,"Red, White & Royal Blue",2023,https://boxd.it/z3iG,2.5
2023-11-10,The Nice Guys,2016,https://boxd.it/94Hg,3
2023-11-10,Strays,2023,https://boxd.it/ynGQ,2.5
2023-11-16,Spirited Away,2001,https://boxd.it/2b4m,5
2023-11-18,About My Father,2023,https://boxd.it/vfcC,3
2023-11-18,Marry Me,2022,https://boxd.it/mLSC,4
2023-11-18,House of Gucci,2021,https://boxd.it/nVkC,3.5
2023-11-21,Your Name.,2016,https://boxd.it/cUqs,5
2023-11-26,The Good Mother,2023,https://boxd.it/BEzy,3
2023-11-26,Music and Lyrics,2007,https://boxd.it/1Usw,5
2023-11-26,The Birdcage,1996,https://boxd.it/1UTi,5
2023-11-27,Battle of the Sexes,2017,https://boxd.it/cNxw,4
2023-11-28,Godzilla Minus One,2023,https://boxd.it/zu4c,4
2023-12-02,The Surrounding Game,2017,https://boxd.it/d3s8,2.5
2023-12-06,Dream Scenario,2023,https://boxd.it/v2h0,4
2023-12-07,May December,2023,https://boxd.it/vEE2,3.5
2023-12-07,AlphaGo,2017,https://boxd.it/geTA,4
2023-12-07,Family Switch,2023,https://boxd.it/u1nu,2
2023-12-07,Best. Christmas. Ever!,2023,https://boxd.it/Bjo0,2
2023-12-07,Josie and the Pussycats,2001,https://boxd.it/1Fdm,4
2023-12-10,Eileen,2023,https://boxd.it/oJcS,4
2023-12-12,"Silent Night, Deadly Night",1984,https://boxd.it/1rRi,2.5
2023-12-12,Napoleon,2023,https://boxd.it/shJM,3.5
2023-12-13,"Silent Night, Deadly Night Part 2",1987,https://boxd.it/CZK,3.5
2023-12-15,The Intern,2015,https://boxd.it/7AOE,5
2023-12-15,The Boy and the Heron,2023,https://boxd.it/ipeM,5
2023-12-18,Scrooged,1988,https://boxd.it/1Y9e,4
2023-12-18,Class Action,1991,https://boxd.it/1LyA,3.5
2023-12-18,Gran Turismo,2023,https://boxd.it/B2lS,3
2023-12-20,Carol,2015,https://boxd.it/7DPK,4
2023-12-20,"I, Tonya",2017,https://boxd.it/dzR0,4
2023-12-21,The 'Burbs,1989,https://boxd.it/1SDi,3
2023-12-21,Genie,2023,https://boxd.it/J73K,3
2023-12-21,They Came Together,2014,https://boxd.it/5uyQ,4
2023-12-21,Scream VI,2023,https://boxd.it/zdfW,4
2023-12-21,Mr. Dough and the Egg Princess,2010,https://boxd.it/6otM,4
2023-12-23,Poor Things,2023,https://boxd.it/tNWU,5
2023-12-23,The Muppet Christmas Carol,1992,https://boxd.it/1WgC,5
2023-12-23,The Powerpuff Girls Movie,2002,https://boxd.it/ibg,3
2023-12-23,Anyone But You,2023,https://boxd.it/EzA8,4
2023-12-25,The Girl with the Dragon Tattoo,2011,https://boxd.it/2Pa,4
2023-12-25,Brick,2005,https://boxd.it/1Z6A,4
2023-12-25,The Room,2003,https://boxd.it/1ICY,5
2023-12-25,Mandy,2018,https://boxd.it/gtti,3.5
2023-12-25,Saltburn,2023,https://boxd.it/z4eg,2.5
2023-12-26,Die Hard,1988,https://boxd.it/2a7u,5
2023-12-26,American Fiction,2023,https://boxd.it/DYHm,4
2023-12-27,Aquaman,2018,https://boxd.it/9ru0,2
2023-12-27,Aquaman and the Lost Kingdom,2023,https://boxd.it/l1LS,2
2023-12-27,The Hunt,2020,https://boxd.it/iE9i,2.5
2023-12-28,Black Christmas,1974,https://boxd.it/1Js6,4
2023-12-28,Reality,2023,https://boxd.it/BeLI,4
2023-12-31,Ferrari,2023,https://boxd.it/cEtq,4
2023-12-31,Shiva Baby,2020,https://boxd.it/oIv0,4
2023-12-31,The Circle,2017,https://boxd.it/bj1I,3.5
2024-01-02,Every Body,2023,https://boxd.it/Gb18,4
2024-01-02,The Holdovers,2023,https://boxd.it/vHza,4
2024-01-02,Austenland,2013,https://boxd.it/4V3y,2
2024-01-03,The Man in the Iron Mask,1998,https://boxd.it/1YZO,2
2024-01-06,The Iron Claw,2023,https://boxd.it/w5Pm,5
2024-01-06,Anatomy of a Fall,2023,https://boxd.it/yuDE,5
2024-01-06,Leave the World Behind,2023,https://boxd.it/re0i,4
2024-01-06,Thief,1981,https://boxd.it/1TEc,4
2024-01-06,Romeo + Juliet,1996,https://boxd.it/2ama,5
2024-01-08,Night Swim,2024,https://boxd.it/EyB0,2.5
2024-01-09,The Marvels,2023,https://boxd.it/mwU4,4
2024-01-10,Fire Island,2022,https://boxd.it/vV8C,2.5
2024-01-11,Double Indemnity,1944,https://boxd.it/297I,5
2024-01-11,The Apartment,1960,https://boxd.it/2aGE,4
2024-01-12,Biosphere,2022,https://boxd.it/wHXy,4
2024-01-16,Set It Up,2018,https://boxd.it/dpik,4
2024-01-16,Migration,2023,https://boxd.it/ztfo,2.5
2024-01-17,The Tragedy of Macbeth,2021,https://boxd.it/lMi4,4
2024-01-17,The Others,2001,https://boxd.it/27Po,5
2024-01-17,The Curse,2023,https://boxd.it/IWYq,5
2024-01-18,Eden Lake,2008,https://boxd.it/1Q1m,3
2024-01-18,Birth/Rebirth,2023,https://boxd.it/E34E,3
2024-01-18,Be Kind Rewind,2008,https://boxd.it/23Au,4
2024-01-18,The First Purge,2018,https://boxd.it/fJfk,3
2024-01-19,Save the Date,2012,https://boxd.it/2Y3C,3.5
2024-01-19,Nocturne,2020,https://boxd.it/nTaK,3.5
2024-01-19,Flight,2012,https://boxd.it/35Ca,3.5
2024-01-19,Swimfan,2002,https://boxd.it/1DbS,2
2024-01-20,The Favourite,2018,https://boxd.it/d2hI,5
2024-01-21,M,1931,https://boxd.it/29vq,4
2024-01-21,Poison,2023,https://boxd.it/Is7Q,4
2024-01-21,The Rat Catcher,2023,https://boxd.it/Is8a,3
2024-01-21,The Wonderful Story of Henry Sugar,2023,https://boxd.it/yNyo,4
2024-01-21,The Swan,2023,https://boxd.it/Is80,3
2024-01-21,Do You Like to Read?,2012,https://boxd.it/jMMY,3
2024-01-21,Come Together,2016,https://boxd.it/wVA4,2
2024-01-21,Castello Cavalcanti,2013,https://boxd.it/6WlM,4
2024-01-21,Hotel Chevalier,2007,https://boxd.it/21Ic,4
2024-01-21,Cousin Ben Troop Screening,2012,https://boxd.it/49SS,4
2024-01-21,Barry Lyndon,1975,https://boxd.it/25A2,5
2024-01-22,Self Reliance,2023,https://boxd.it/EzDG,4
2024-01-22,A Quiet Place,2018,https://boxd.it/fVJQ,4
2024-01-23,For Your Consideration,2006,https://boxd.it/1NmG,3
2024-01-24,I Could Never Be Your Woman,2007,https://boxd.it/1MZi,2
2024-01-24,The Village,2004,https://boxd.it/21iS,5
2024-01-24,The Lobster,2015,https://boxd.it/7tnw,4
2024-01-25,Kinetta,2005,https://boxd.it/3d2Y,1
2024-01-26,Alps,2011,https://boxd.it/2RHg,2.5
2024-01-26,Nimic,2019,https://boxd.it/n10Q,4
2024-01-26,Necktie,2013,https://boxd.it/CfYA,3.5
2024-01-26,The Killing of a Sacred Deer,2017,https://boxd.it/dZ5G,5
2024-01-27,Happy Death Day,2017,https://boxd.it/fDz4,3.5
2024-01-28,Mad Max,1979,https://boxd.it/1Y7i,1.5
2024-01-28,Mean Girls,2024,https://boxd.it/p6nO,4
2024-01-30,Miami Vice,2006,https://boxd.it/2bbW,2.5
2024-01-30,Dogtooth,2009,https://boxd.it/158K,4
2024-01-30,Collateral,2004,https://boxd.it/28F0,4
2024-01-31,Repo! The Genetic Opera,2008,https://boxd.it/1Ogu,2
2024-02-01,The Zone of Interest,2023,https://boxd.it/gJsA,4
2024-02-01,Happy Death Day 2U,2019,https://boxd.it/ixt6,3.5
2024-02-01,Un Chien Andalou,1929,https://boxd.it/29Y8,3
2024-02-02,Blackhat,2015,https://boxd.it/62Te,3.5
2024-02-02,The Fall,2019,https://boxd.it/nRTy,4
2024-02-02,Canon: Urban Deer,2014,https://boxd.it/J0J0,2
2024-02-02,Commission,1994,https://boxd.it/G5LE,1
2024-02-02,Strasbourg 1518,2020,https://boxd.it/r53M,1
2024-02-02,Mad,1994,https://boxd.it/G5L0,0.5
2024-02-02,Pool,1994,https://boxd.it/G5Lk,1
2024-02-02,Sexy Beast,2000,https://boxd.it/1SZS,4
2024-02-02,Duel,1971,https://boxd.it/29ui,3
2024-02-03,Birth,2004,https://boxd.it/1VvQ,4
2024-02-03,The Tell-Tale Heart,2008,https://boxd.it/dmKU,3.5
2024-02-04,Touched by the Hand of God,1987,https://boxd.it/i94Q,2
2024-02-04,The Killer,2023,https://boxd.it/u6WE,4
2024-02-04,Near Dark,1987,https://boxd.it/1SRO,4
2024-02-04,Point Break,1991,https://boxd.it/2958,4
2024-02-05,Fantastic Mr. Fox,2009,https://boxd.it/1WyQ,4
2024-02-05,Dear Evan Hansen,2021,https://boxd.it/kOP8,2
2024-02-06,Marie Antoinette,2006,https://boxd.it/27Wa,4
2024-02-06,Lick the Star,1998,https://boxd.it/3f8Y,4
2024-02-06,A Very Murray Christmas,2015,https://boxd.it/cBeM,4
2024-02-06,Isle of Dogs,2018,https://boxd.it/dZrW,3.5
2024-02-06,The Innocents,1961,https://boxd.it/1KeY,5
2024-02-07,The Host,2006,https://boxd.it/28ZY,4
2024-02-08,Passages,2023,https://boxd.it/xX9c,3
2024-02-08,Oracle,2023,https://boxd.it/tCRk,2.5
2024-02-09,The In-Laws,1979,https://boxd.it/1Eto,3.5
2024-02-09,Maestro,2023,https://boxd.it/j0DE,3
2024-02-11,Notting Hill,1999,https://boxd.it/2aeK,4
2024-02-11,Lisa Frankenstein,2024,https://boxd.it/ByjY,4
2024-02-12,Departing Seniors,2023,https://boxd.it/HD2K,5
2024-02-13,Plus One,2019,https://boxd.it/inpo,3.5
2024-02-13,Emelie,2015,https://boxd.it/aLiA,3.5
2024-02-14,Press Play,2022,https://boxd.it/oSpQ,4
2024-02-14,Dune,2021,https://boxd.it/fA7G,3.5
2024-02-15,Homing In,2017,https://boxd.it/gxUW,3.5
2024-02-15,American Male,2016,https://boxd.it/lA6q,3
2024-02-18,Rashomon,1950,https://boxd.it/2a9K,4
2024-02-18,It Happened One Night,1934,https://boxd.it/25Ng,5
2024-02-18,"The Cook, the Thief, His Wife & Her Lover",1989,https://boxd.it/20VO,5
2024-02-19,Sorry to Bother You,2018,https://boxd.it/f21E,4
2024-02-19,The Fisher King,1991,https://boxd.it/2aWM,4
2024-02-19,10 Things I Hate About You,1999,https://boxd.it/23AO,3.5
2024-02-20,How to Blow Up a Pipeline,2022,https://boxd.it/C69e,4
2024-02-20,Poltergeist,1982,https://boxd.it/2a0o,4
2024-02-20,Dead End,2003,https://boxd.it/1TRK,3.5
2024-02-21,Ready or Not,2019,https://boxd.it/kOf0,5
2024-02-22,Final Fantasy VII: Advent Children,2005,https://boxd.it/29UK,2.5
2024-02-24,Body Double,1984,https://boxd.it/1TGW,4
2024-02-24,Snake Eyes,1998,https://boxd.it/1ZX0,4
2024-02-25,Eternal Sunshine of the Spotless Mind,2004,https://boxd.it/6YK,5
2024-02-25,House,1977,https://boxd.it/1vsm,5
2024-02-28,Tenet,2020,https://boxd.it/leq4,5
2024-02-29,Ava,2017,https://boxd.it/gaPa,3.5
2024-02-29,The Birds,1963,https://boxd.it/2a6m,5
2024-02-29,"Paris, Texas",1984,https://boxd.it/29Ts,5
2024-03-01,Wings of Desire,1987,https://boxd.it/2b26,5
2024-03-03,Starman,1984,https://boxd.it/1Y6O,3
2024-03-03,Perfect Days,2023,https://boxd.it/ATh8,5
2024-03-03,Drugstore June,2024,https://boxd.it/E2PE,4
2024-03-03,Stopmotion,2023,https://boxd.it/vHYa,3
2024-03-04,Grandma's Boy,2006,https://boxd.it/1XzK,4
2024-03-04,The Sweet East,2023,https://boxd.it/CcHw,1
2024-03-06,Days of Heaven,1978,https://boxd.it/1JRg,5
2024-03-10,The House Bunny,2008,https://boxd.it/1RyG,4
2024-03-10,27 Dresses,2008,https://boxd.it/21x4,4
2024-03-11,Dune: Part Two,2024,https://boxd.it/pUfA,5
2024-03-13,Along for the Ride,2022,https://boxd.it/tfIO,3
2024-03-13,The Fly,1986,https://boxd.it/1YIe,5
2024-03-14,The Re-Education of Molly Singer,2023,https://boxd.it/wjV4,3
2024-03-14,The Lady Eve,1941,https://boxd.it/25LY,5
2024-03-15,Ball of Fire,1941,https://boxd.it/1ms8,4
2024-03-16,Ivan's Childhood,1962,https://boxd.it/1j6y,5
2024-03-17,Ghost Dog: The Way of the Samurai,1999,https://boxd.it/23Ne,4
2024-03-17,Kiss Kiss Bang Bang,2005,https://boxd.it/23c8,3.5
2024-03-17,Dredd,2012,https://boxd.it/GZE,4
2024-03-18,Ambulance,2022,https://boxd.it/sFxg,2.5
2024-03-19,One from the Heart,1982,https://boxd.it/ZJq,4
2024-03-20,Imaginary,2024,https://boxd.it/GyJW,4
2024-03-22,Love Lies Bleeding,2024,https://boxd.it/zN4q,5
2024-03-23,Riddle of Fire,2023,https://boxd.it/GamO,5
2024-03-23,"South Park: Bigger, Longer & Uncut",1999,https://boxd.it/1YAO,4
2024-03-24,First Time Female Director,2023,https://boxd.it/BNic,4
2024-03-24,Immaculate,2024,https://boxd.it/Douw,4
2024-03-24,Barbarian,2022,https://boxd.it/yohi,5
2024-03-25,Ghostbusters,1984,https://boxd.it/g2w,4
2024-03-25,The Ward,2010,https://boxd.it/P14,3
2024-03-26,Ghostbusters II,1989,https://boxd.it/261s,4
2024-03-26,Mirror,1975,https://boxd.it/28Q8,5
2024-03-26,Nostalgia,1983,https://boxd.it/28Qi,5
2024-03-27,Annie Hall,1977,https://boxd.it/29M2,4
2024-03-27,My Favorite Shapes by Julio Torres,2019,https://boxd.it/mDMm,3.5
2024-03-27,Ghostbusters: Afterlife,2021,https://boxd.it/f4Pw,3.5
2024-03-28,Thanksgiving,2023,https://boxd.it/EviY,3
2024-03-29,Ex Machina,2015,https://boxd.it/7T2k,5
2024-03-30,Matilda,1996,https://boxd.it/1VhY,3.5
2024-03-30,Cinema Paradiso,1988,https://boxd.it/1UlA,4
2024-03-30,Angel,1984,https://boxd.it/287s,3
2024-03-30,Freeway,1996,https://boxd.it/1Uju,4
2024-03-31,Ring,1998,https://boxd.it/26tw,4
2024-04-02,Ghostbusters: Frozen Empire,2024,https://boxd.it/AxYu,3.5
2024-04-03,A Nightmare on Elm Street Part 2: Freddy's Revenge,1985,https://boxd.it/1XiE,2.5
2024-04-05,A Bucket of Blood,1959,https://boxd.it/1AfM,3
2024-04-05,Annihilation,2018,https://boxd.it/9yzm,5
2024-04-05,The Little Shop of Horrors,1960,https://boxd.it/1xDm,3.5
2024-04-06,Late Night with the Devil,2023,https://boxd.it/zo6G,5
2024-04-07,Frogman,2023,https://boxd.it/H6CK,4
2024-04-07,Every Time We Meet for Ice Cream Your Whole F*cking Face Explodes,2021,https://boxd.it/yoQC,4
2024-04-08,Galaxy Quest,1999,https://boxd.it/29gq,4
2024-04-08,Escape from New York,1981,https://boxd.it/294k,3
2024-04-10,The First Omen,2024,https://boxd.it/fx08,4
2024-04-11,12 Angry Men,1957,https://boxd.it/2auI,5
2024-04-12,Civil War,2024,https://boxd.it/z1jW,5
2024-04-14,The Babysitter,2017,https://boxd.it/eP1w,4
2024-04-14,Step Brothers,2008,https://boxd.it/1SsE,4
2024-04-23,A Nightmare on Elm Street 3: Dream Warriors,1987,https://boxd.it/1X9W,4
2024-04-23,The Cabin in the Woods,2011,https://boxd.it/1zOc,3.5
2024-04-23,Talladega Nights: The Ballad of Ricky Bobby,2006,https://boxd.it/1XYq,3
2024-04-23,Happy Gilmore,1996,https://boxd.it/1Yey,4
2024-04-23,Knocked Up,2007,https://boxd.it/23yS,4
2024-04-23,Sasquatch Sunset,2024,https://boxd.it/Coz0,3
2024-04-23,The People's Joker,2022,https://boxd.it/uqVQ,4
2024-04-23,Monkey Man,2024,https://boxd.it/kvsO,4
2024-04-26,The Abominable Dr. Phibes,1971,https://boxd.it/1HMe,3
2024-04-26,Cryptozoo,2021,https://boxd.it/tcuO,2
2024-04-27,Clifford,1994,https://boxd.it/26jw,3
2024-04-27,Scoop,2024,https://boxd.it/EZu6,3.5
2024-04-27,Challengers,2024,https://boxd.it/zld0,5
2024-04-28,Swallow,2019,https://boxd.it/lA0i,4
2024-05-01,Spider-Man 3,2007,https://boxd.it/2a7Y,3
2024-05-01,Abigail,2024,https://boxd.it/G0NA,4
2024-05-02,Blazing Saddles,1974,https://boxd.it/1UHQ,4
2024-05-03,Dogfight,1991,https://boxd.it/1NCk,5
2024-05-03,The Social Network,2010,https://boxd.it/17ue,4
2024-05-04,The Idea of You,2024,https://boxd.it/vOW6,3
2024-05-04,Computer Chess,2013,https://boxd.it/4Y1g,3
2024-05-05,The Whale,2022,https://boxd.it/tw4c,5
2024-05-05,SPY x FAMILY CODE: White,2023,https://boxd.it/EdkW,5
2024-05-05,Look Who's Talking,1989,https://boxd.it/1YxA,2.5
2024-05-05,Valley Girl,1983,https://boxd.it/1FNa,3
2024-05-06,The American Society of Magical Negroes,2024,https://boxd.it/DlwY,4
2024-05-06,Tarot,2024,https://boxd.it/qWMy,2
2024-05-07,The Amazing Spider-Man,2012,https://boxd.it/27PI,4
2024-05-08,Daisies,1966,https://boxd.it/LZk,5
2024-05-09,I Saw the TV Glow,2024,https://boxd.it/woVe,5
2024-05-10,"Scream, Queen! My Nightmare on Elm Street",2019,https://boxd.it/apAW,5
2024-05-10,The Omen,1976,https://boxd.it/29By,3
2024-05-11,The Omen,2006,https://boxd.it/29zC,3
2024-05-11,Phantom of the Paradise,1974,https://boxd.it/1s34,5
2024-05-11,Blended,2014,https://boxd.it/6QQY,4
2024-05-12,The Fall Guy,2024,https://boxd.it/s0Bm,4
2024-05-13,Psycho,1960,https://boxd.it/2ab2,5
2024-05-14,The Amazing Spider-Man 2,2014,https://boxd.it/3utM,3.5
2024-05-16,Better Off Dead...,1985,https://boxd.it/1PFU,4
2024-05-16,Mother of the Bride,2024,https://boxd.it/Fmay,2
2024-05-20,Faceless After Dark,2023,https://boxd.it/HjE0,4
2024-05-22,Wake in Fright,1971,https://boxd.it/1tWk,4
2024-05-25,Down Low,2023,https://boxd.it/EzDw,3
2024-05-25,A Simple Favor,2018,https://boxd.it/hq92,3.5
2024-05-25,Madame Web,2024,https://boxd.it/nwD0,2
2024-05-25,How to Be Single,2016,https://boxd.it/7GJq,2.5
2024-05-26,Splash,1984,https://boxd.it/26ym,4
2024-05-26,Legally Blonde,2001,https://boxd.it/1ZNa,4
2024-05-28,Mad Max: Fury Road,2015,https://boxd.it/2DjO,4.5
2024-05-28,Tusk,2014,https://boxd.it/7eoa,4
2024-05-29,Mad Max 2,1981,https://boxd.it/1ZPg,3.5
2024-05-29,It,2017,https://boxd.it/bC8e,4
2024-05-30,Girlfight,2000,https://boxd.it/1FfM,5
2024-05-31,In a Violent Nature,2024,https://boxd.it/K5eI,4
2024-06-01,Carrie,1976,https://boxd.it/20ZQ,5
2024-06-04,Spider-Man: No Way Home,2021,https://boxd.it/nwRw,4
2024-06-04,Spider-Man: Homecoming,2017,https://boxd.it/aboM,4
2024-06-04,Spider-Man: Far From Home,2019,https://boxd.it/fegG,4
2024-06-04,It Chapter Two,2019,https://boxd.it/h10u,4
2024-06-05,Bodies Bodies Bodies,2022,https://boxd.it/iRcE,4
2024-06-05,Fitzcarraldo,1982,https://boxd.it/1YV8,4
2024-06-06,Greedy,1994,https://boxd.it/1RfE,4
2024-06-09,Rope,1948,https://boxd.it/28yo,5
2024-06-09,Oculus,2013,https://boxd.it/4W9M,3.5
2024-06-10,Nosferatu the Vampyre,1979,https://boxd.it/21J0,5
2024-06-11,Pain Hustlers,2023,https://boxd.it/wBNW,4
2024-06-12,I Don't Feel at Home in This World Anymore,2017,https://boxd.it/f42u,5
2024-06-16,Freaky Friday,2003,https://boxd.it/1WwK,3.5
2024-06-20,Inside Out,2015,https://boxd.it/4KHC,5
2024-06-28,The Watchers,2024,https://boxd.it/F6Rw,4
2024-06-28,Some Like It Hot,1959,https://boxd.it/2aNA,5
2024-06-30,Inside Out 2,2024,https://boxd.it/CFrC,4
2024-06-30,Serial Mom,1994,https://boxd.it/1Tty,5
2024-07-01,Indiana Jones and the Temple of Doom,1984,https://boxd.it/2bb8,3.5
2024-07-03,A Family Affair,2024,https://boxd.it/Bj9O,2.5
2024-07-04,MaXXXine,2024,https://boxd.it/CIM4,4
2024-07-04,The Hunger Games: The Ballad of Songbirds & Snakes,2023,https://boxd.it/pZCY,3.5
2024-07-05,I Am the Pretty Thing That Lives in the House,2016,https://boxd.it/elo6,4
2024-07-05,Hit Man,2023,https://boxd.it/ANB2,4
2024-07-06,Miller's Girl,2024,https://boxd.it/CP8U,3.5
2024-07-06,Warcraft,2016,https://boxd.it/2czK,3
2024-07-06,The Paperboy,2012,https://boxd.it/2T8i,3.5
2024-07-06,Kinds of Kindness,2024,https://boxd.it/CWPw,5
2024-07-08,Despicable Me 4,2024,https://boxd.it/iOLG,2.5
2024-07-15,The Blackcoat's Daughter,2015,https://boxd.it/b2Km,5
2024-07-16,A Quiet Place: Day One,2024,https://boxd.it/sDAi,4
2024-07-17,Crumb Catcher,2023,https://boxd.it/CUey,4
2024-07-18,Night of the Comet,1984,https://boxd.it/1GUw,4
2024-07-18,Black Caesar,1973,https://boxd.it/1B9q,3.5
2024-07-19,Longlegs,2024,https://boxd.it/KzLM,5
2024-07-20,Black Bear,2020,https://boxd.it/n8ru,4
2024-07-23,Unbreakable,2000,https://boxd.it/1XV2,5
2024-07-23,Signs,2002,https://boxd.it/26t2,4.5
2024-07-25,Oddity,2024,https://boxd.it/K9pg,4
2024-07-28,Noises Off...,1992,https://boxd.it/1tpA,5
2024-07-29,Drive-Away Dolls,2024,https://boxd.it/A8vi,4
2024-07-29,Clue,1985,https://boxd.it/1MDQ,5
2024-07-29,Black Sheep,2006,https://boxd.it/257k,2.5
2024-07-29,Deadpool,2016,https://boxd.it/9fOC,4
2024-07-29,Deadpool 2,2018,https://boxd.it/dlLM,4
2024-07-30,Reefer Madness: The Movie Musical,2005,https://boxd.it/1Dm2,3.5
2024-07-30,Deadpool & Wolverine,2024,https://boxd.it/jq8s,4
2024-07-31,The Man from U.N.C.L.E.,2015,https://boxd.it/67lG,3
2024-07-31,Tenebre,1982,https://boxd.it/1mRM,5
2024-07-31,Petite Maman,2021,https://boxd.it/s6je,5
2024-08-04,Trap,2024,https://boxd.it/D4nK,4
2024-08-05,Twisters,2024,https://boxd.it/qV7a,4
2024-08-05,Furiosa: A Mad Max Saga,2024,https://boxd.it/tABk,4
2024-08-07,Little Shop of Horrors,1986,https://boxd.it/1Vqm,5
2024-08-07,The Silence of the Lambs,1991,https://boxd.it/2aHW,5
2024-08-09,Cuckoo,2024,https://boxd.it/wMjI,4
2024-08-10,Old,2021,https://boxd.it/npKI,3.5
2024-08-12,Personal Shopper,2016,https://boxd.it/bkGM,4
2024-08-12,Working Girl,1988,https://boxd.it/25ha,3.5
2024-08-13,Borderlands,2024,https://boxd.it/cDme,2.5
2024-08-19,School of Rock,2003,https://boxd.it/28xK,5
2024-08-19,Crimson Peak,2015,https://boxd.it/62Ty,5
2024-08-21,Alien: Romulus,2024,https://boxd.it/zGqO,4
2024-08-21,The Conversation,1974,https://boxd.it/2a38,5
2024-08-23,Roman Holiday,1953,https://boxd.it/29zW,5
2024-08-24,Dìdi (弟弟),2024,https://boxd.it/HQOW,4
2024-08-24,Caligula: The Ultimate Cut,2023,https://boxd.it/MeNQ,4
2024-08-26,The Train,1964,https://boxd.it/25lm,4
2024-08-29,That's My Boy,2012,https://boxd.it/35IW,3
2024-08-29,Unfrosted,2024,https://boxd.it/vPY8,3
2024-09-02,Bring It On,2000,https://boxd.it/28x6,3.5
2024-09-02,Jawbreaker,1999,https://boxd.it/1G7a,3.5
2024-09-02,Princess Mononoke,1997,https://boxd.it/2b4w,5
2024-09-12,The Hudsucker Proxy,1994,https://boxd.it/1SJA,5
2024-09-16,Players,2024,https://boxd.it/vOva,3
2024-09-16,Crazy Rich Asians,2018,https://boxd.it/gfnK,5
2024-09-20,Venom,2018,https://boxd.it/b8wA,3.5
2024-09-20,The Accidental Husband,2008,https://boxd.it/1Qfy,2.5
2024-09-21,Beetlejuice Beetlejuice,2024,https://boxd.it/yyGs,4
2024-09-21,Sleeping with Other People,2015,https://boxd.it/8WPm,4
2024-09-21,The Substance,2024,https://boxd.it/zanS,5
2024-09-30,Queenpins,2021,https://boxd.it/niBu,4
2024-09-30,Ford v Ferrari,2019,https://boxd.it/ce74,4
2024-09-30,The Devil Wears Prada,2006,https://boxd.it/2awE,5
2024-09-30,Phantom Thread,2017,https://boxd.it/e4uc,5
2024-09-30,The Adjustment Bureau,2011,https://boxd.it/16T8,5
2024-10-01,Reality+,2014,https://boxd.it/cIEC,5
2024-10-01,Revenge,2017,https://boxd.it/gL9g,5
2024-10-03,City of the Living Dead,1980,https://boxd.it/1wMs,3
2024-10-03,Will & Harper,2024,https://boxd.it/K5eo,5
2024-10-03,Uglies,2024,https://boxd.it/sUKu,3
2024-10-03,In Time,2011,https://boxd.it/FPS,4
2024-10-04,Never Let Go,2024,https://boxd.it/uGn6,3.5
2024-10-04,Double Date,2020,https://boxd.it/FRA8,5
2024-10-05,Megalopolis,2024,https://boxd.it/lPBS,2
2024-10-05,The Beast,2023,https://boxd.it/yqmk,4.5
2024-10-05,Evil Does Not Exist,2023,https://boxd.it/HJrc,4
2024-10-06,Joker,2019,https://boxd.it/h4cS,3.5
2024-10-07,Strange Darling,2023,https://boxd.it/CVIk,4
2024-10-07,Goodnight Mommy,2014,https://boxd.it/8Niy,4
2024-10-07,My Old Ass,2024,https://boxd.it/zLP0,4
2024-10-07,Rabid,1977,https://boxd.it/1nuk,3.5
2024-10-07,The Visit,2015,https://boxd.it/9ssO,4
2024-10-08,Terrifier,2016,https://boxd.it/eRzg,4
2024-10-08,Terrifier 2,2022,https://boxd.it/oI10,5
2024-10-08,Sometimes I Think About Dying,2023,https://boxd.it/xGlg,3.5
2024-10-09,Laura Hasn't Slept,2020,https://boxd.it/pJQU,5
2024-10-09,Smile,2022,https://boxd.it/xjfE,4
2024-10-10,Joker: Folie à Deux,2024,https://boxd.it/xBoE,4
2024-10-12,Tahara,2020,https://boxd.it/oSqa,4
2024-10-12,Terrifier 3,2024,https://boxd.it/D8tM,5
2024-10-12,Saturday Night,2024,https://boxd.it/Gpfo,5
2024-10-13,Guns Akimbo,2019,https://boxd.it/gkFu,3.5
2024-10-14,Gretel & Hansel,2020,https://boxd.it/jLOk,4
2024-10-14,Popstar: Never Stop Never Stopping,2016,https://boxd.it/blDa,4
2024-10-14,Speak No Evil,2022,https://boxd.it/vqlg,4
2024-10-14,Speak No Evil,2024,https://boxd.it/G9f8,3
2024-10-14,Next Goal Wins,2023,https://boxd.it/mZTu,3
2024-10-15,Frenzy,1972,https://boxd.it/2a62,4
2024-10-16,The Voyeurs,2021,https://boxd.it/nZoe,4
2024-10-16,Hard Candy,2005,https://boxd.it/26vs,5
2024-10-17,Black Swan,2010,https://boxd.it/Sw0,5
2024-10-17,Portal: No Escape,2011,https://boxd.it/2mBG,4
2024-10-18,Anon,2018,https://boxd.it/dTCE,3.5
2024-10-19,Deadstream,2022,https://boxd.it/xryY,3.5
2024-10-19,The Exorcist,1973,https://boxd.it/1Yoo,5
2024-10-19,V/H/S,2012,https://boxd.it/2Y1c,3
2024-10-20,Ghostwatch,1992,https://boxd.it/MIO,4
2024-10-20,Kill List,2011,https://boxd.it/2z4g,4
2024-10-20,The Descent,2005,https://boxd.it/1YNy,4
2024-10-20,28 Days Later,2002,https://boxd.it/2aXU,5
2024-10-20,Dracula,1958,https://boxd.it/1STA,3
2024-10-20,Dog Soldiers,2002,https://boxd.it/1SRE,3.5
2024-10-21,The Valet,2022,https://boxd.it/uvlI,4
2024-10-21,The Babadook,2014,https://boxd.it/77xu,5
2024-10-22,Woman of the Hour,2023,https://boxd.it/vuz2,5
2024-10-22,Godzilla,2014,https://boxd.it/47OE,2
2024-10-23,The Vourdalak,2023,https://boxd.it/DDdg,4
2024-10-23,Hocus Pocus,1993,https://boxd.it/1Wgi,4
2024-10-24,Night of the Demon,1957,https://boxd.it/1woA,4
2024-10-25,Gerald's Game,2017,https://boxd.it/buKa,5
2024-10-25,The Fall,2006,https://boxd.it/1NoM,5
2024-10-26,Follow Her,2022,https://boxd.it/zBBM,3
2024-10-27,The Mummy,1999,https://boxd.it/2a7a,4
2024-10-27,Fright Night,1985,https://boxd.it/1T4e,3
2024-10-28,A Different Man,2024,https://boxd.it/BoEC,4
2024-10-30,Smile 2,2024,https://boxd.it/FDA4,4
2024-10-30,Night of the Living Dead,1968,https://boxd.it/1WwA,4
2024-10-30,Foxwood,2017,https://boxd.it/osvy,5
2024-10-30,The Vicious,2019,https://boxd.it/pram,5
2024-10-30,Prefigured,2019,https://boxd.it/yS3K,5
2024-10-31,The Buildout,2023,https://boxd.it/EFww,4
2024-11-01,It's What's Inside,2024,https://boxd.it/DOV4,5
2024-11-04,Halloween,1978,https://boxd.it/2wRu,5
2024-11-04,Shaun of the Dead,2004,https://boxd.it/29J8,5
2024-11-05,Mulholland Drive,2001,https://boxd.it/297o,5
2024-11-08,A Nightmare on Elm Street,1984,https://boxd.it/2aw0,4
2024-11-09,Anora,2024,https://boxd.it/Egcw,5
2024-11-09,Scream,1996,https://boxd.it/24EC,4
2024-11-12,We Live in Time,2024,https://boxd.it/FC5u,5
2024-11-12,Heretic,2024,https://boxd.it/H1lY,5
2024-11-15,Troll 2,1990,https://boxd.it/1sTE,3
2024-11-15,Crawlspace,1986,https://boxd.it/orY,4
2024-11-17,The Big Lebowski,1998,https://boxd.it/2b6C,5
2024-11-17,Child's Play,1988,https://boxd.it/1VTo,4
2024-11-17,Child's Play 2,1990,https://boxd.it/1Uqq,4
2024-11-17,Child's Play 3,1991,https://boxd.it/1Uqg,4
2024-11-17,Bride of Chucky,1998,https://boxd.it/1SJU,4
2024-11-18,Seed of Chucky,2004,https://boxd.it/1UgA,4
2024-11-18,Spaceballs,1987,https://boxd.it/29cy,5
2024-11-21,Who Framed Roger Rabbit,1988,https://boxd.it/29ry,5
2024-11-27,The Philadelphia Story,1940,https://boxd.it/29a8,4
2024-11-30,Pulp Fiction,1994,https://boxd.it/29Pq,5
2024-12-03,The Cell,2000,https://boxd.it/1ZLS,5
2024-12-03,2001: A Space Odyssey,1968,https://boxd.it/2bf0,5
2024-12-07,Orphan,2009,https://boxd.it/1CgM,4
2024-12-07,Paths of Glory,1957,https://boxd.it/29b6,4
2024-12-07,Interstellar,2014,https://boxd.it/4VZ8,5
2024-12-07,Gladiator II,2024,https://boxd.it/kqQQ,3.5
2024-12-11,Full Metal Jacket,1987,https://boxd.it/2a1Q,5
2024-12-11,Y2K,2024,https://boxd.it/FnHI,5
2024-12-14,Friday the 13th,1980,https://boxd.it/24fs,3
2024-12-16,Close Encounters of the Third Kind,1977,https://boxd.it/29u8,4
2024-12-16,Gremlins,1984,https://boxd.it/29gg,4
2024-12-16,The Princess Diaries,2001,https://boxd.it/1XCO,4
2024-12-16,Dumb and Dumber,1994,https://boxd.it/206m,5
2024-12-23,Dr. Strangelove or: How I Learned to Stop Worrying and Love the Bomb,1964,https://boxd.it/29eY,5
2024-12-23,The World According to Garp,1982,https://boxd.it/1UaM,3.5
2024-12-23,Eyes Wide Shut,1999,https://boxd.it/2axs,5
2024-12-24,Elf,2003,https://boxd.it/1VyK,4
2024-12-24,Four Christmases,2008,https://boxd.it/1SjM,3
2024-12-25,A Christmas Story,1983,https://boxd.it/29sw,5
2024-12-25,Krampus,2015,https://boxd.it/8Wy6,4
2024-12-25,8-Bit Christmas,2021,https://boxd.it/uckc,4
2024-12-26,The Wizard of Oz,1939,https://boxd.it/29Xu,5
2024-12-27,Violent Night,2022,https://boxd.it/xXBA,4
2024-12-28,Raising Arizona,1987,https://boxd.it/2avQ,5
2024-12-28,A Bad Moms Christmas,2017,https://boxd.it/fiHG,4
2024-12-29,Nutcrackers,2024,https://boxd.it/JEkO,4
2024-12-29,Jingle All the Way,1996,https://boxd.it/1Z58,3
2024-12-29,Just Friends,2005,https://boxd.it/1XfA,3.5
2024-12-29,Clerks III,2022,https://boxd.it/nAaQ,5
2024-12-29,Jay and Silent Bob Reboot,2019,https://boxd.it/fFvS,4
2024-12-29,Uncle Buck,1989,https://boxd.it/26yG,4
2024-12-30,Dont Look Back,1967,https://boxd.it/2b3y,4
2024-12-30,Carry-On,2024,https://boxd.it/C0B2,3.5
2024-12-30,Love Hard,2021,https://boxd.it/rxXS,4
2024-12-31,The Family Man,2000,https://boxd.it/22e8,4
2025-01-03,Sleepaway Camp,1983,https://boxd.it/1PSY,5
2025-01-04,Nosferatu,2024,https://boxd.it/f5eG,5
2025-01-07,Wicked,2024,https://boxd.it/e8ME,5
2025-01-09,Snack Shack,2024,https://boxd.it/DeKu,5
2025-01-10,It Ends with Us,2024,https://boxd.it/ENjg,3
2025-01-11,Palindromes,2004,https://boxd.it/1QUc,4
2025-01-12,The Lord of the Rings: The Fellowship of the Ring,2001,https://boxd.it/2b5O,5
2025-01-12,The Lord of the Rings: The Two Towers,2002,https://boxd.it/2b5E,5
2025-01-12,The Lord of the Rings: The Return of the King,2003,https://boxd.it/2b5u,5
2025-01-13,Dragonslayer,1981,https://boxd.it/29sQ,3
2025-01-13,The Making of '...And God Spoke',1993,https://boxd.it/YPM,5
2025-01-15,The Brutalist,2024,https://boxd.it/k4BO,5
2025-01-16,Stray Dog,1949,https://boxd.it/1ltu,4
2025-01-16,The Bad Sleep Well,1960,https://boxd.it/1iLA,4
2025-01-16,Vox Lux,2018,https://boxd.it/fcFk,4
2025-01-17,Rap World,2024,https://boxd.it/LPe2,4
2025-01-18,Short Night of Glass Dolls,1971,https://boxd.it/12K2,3
2025-01-22,Conan the Barbarian,1982,https://boxd.it/1YOm,3
2025-01-22,Krull,1983,https://boxd.it/29sG,4
2025-01-23,The Big Sleep,1946,https://boxd.it/29iQ,4
2025-01-27,Inland Empire,2006,https://boxd.it/28d6,5
2025-01-28,Tank Girl,1995,https://boxd.it/1Zfs,4
2025-01-31,Cannibal! The Musical,1993,https://boxd.it/1QVE,4
2025-01-31,The Wages of Fear,1953,https://boxd.it/2aSK,5
2025-02-03,Flow,2024,https://boxd.it/v1Ei,5
2025-02-04,La La Land,2016,https://boxd.it/a5fa,5
2025-02-09,Casablanca,1942,https://boxd.it/2aG0,5
2025-02-09,The Umbrellas of Cherbourg,1964,https://boxd.it/22fK,5
2025-02-09,Queer,2024,https://boxd.it/E4RW,3.5
2025-02-09,Blue Velvet,1986,https://boxd.it/29BI,5
2025-02-10,Vamps,2012,https://boxd.it/2wWY,4
2025-02-11,Not Quite Human,1987,https://boxd.it/1Dqy,3
2025-02-11,Open Windows,2014,https://boxd.it/4M2m,3.5
2025-02-11,View from the Top,2003,https://boxd.it/1TEm,3
2025-02-11,Dumplin',2018,https://boxd.it/gXcc,4
2025-02-12,Hooking Up,2020,https://boxd.it/p5xS,4
2025-02-12,The Late Bloomer,2016,https://boxd.it/eA7k,3
2025-02-12,Someone Great,2019,https://boxd.it/iFva,3.5
2025-02-12,Boy Kills World,2023,https://boxd.it/xhG4,3
